Circolo;name;par;neroCR;neroSlope;biancoCR;biancoSlope;gialloCR;gialloSlope;verdeCR;verdeSlope;bluCR;bluSlope;rossoCR;rossoSlope;arancioCR;arancioSlope
ACAYA;18 Buche Par 71;71;;;73,9;136;71,8;130;68,2;122;77,4;134;73,9;127;70,9;121
ACAYA;18 Buche Par 72;72;;;;;72,8;133;;;;;74,9;131;;
ACAYA;Prime Nove;36;;;;;36,4;125;34,3;116;;;37,2;122;35,7;116
ACAYA;Seconde Nove Par 35;35;;;;;35,4;135;33,7;127;;;36,7;131;35,2;126
ACAYA;Seconde Nove Par 36;36;;;;;36,4;141;;;;;37,8;137;;
ACQUABONA;18 Buche;68;;;;;68,3;131;;;;;70,6;119;;
ACQUABONA;Nove Buche;34;;;;;34,1;131;;;;;35,3;119;;
ALBISOLA;18 Buche par 64;64;;;;;62,4;105;60,4;99;;;62,8;108;62,8;108
ALBISOLA;18 buche par 65;65;;;;;62,6;107;60,6;101;;;63;109;;
ALBISOLA;18 buche par 66;66;;;;;62,8;108;60,8;102;;;63,2;110;;
ALBISOLA;9 Buche par 32;32;;;;;31,2;105;30,2;99;;;31,4;108;;
ALBISOLA;9 buche par 33;33;;;;;31,4;108;30,4;102;;;31,6;110;;
ALPINO;18 Buche;69;;;67,9;131;66,1;131;64;126;69,9;122;68,3;118;65,9;113
ALPINO;Prime Nove;35;;;34;132;33,1;132;31,9;127;35,1;123;34,3;118;;
ALPINO;Seconde Nove;34;;;33,8;131;33,1;131;;;34,8;122;34;117;;
ALTA BADIA;18 Buche;72;;;69,5;129;;;;;70,4;133;;;;
ALTA BADIA;9 Buche;36;;;34,8;129;;;;;35,2;133;;;;
AMBROSIANO;18 Buche;72;;;73;133;71,9;131;67,5;121;75,3;132;73,7;128;71,1;122
AMBROSIANO;Prime Nove;36;;;36,5;133;35,9;131;33,7;126;37,5;128;36,4;123;35,1;120
AMBROSIANO;Seconde Nove;36;;;36,5;133;36;130;33,9;125;37,8;135;37,2;133;35,9;130
ANTOGNOLLA;18 buche;71;;;72,1;129;70,5;125;66,6;116;74,1;125;71,6;120;;
ANTOGNOLLA;9 buche 2019;35;;;;;34,8;128;33;124;;;35,4;123;;
ANTOGNOLLA;prime nove;36;;;;;34,9;132;32,9;127;;;35,3;119;;
ANTOGNOLLA;seconde nove;35;;;;;35,6;118;33,7;114;;;36,3;120;;
AOSTA;18 Buche;62;;;;;61,1;112;58,6;106;;;59,2;107;59,2;107
AOSTA;9 Buche;31;;;;;30,6;112;29,3;106;;;29,6;107;;
APPIANO - CAREZZA;18 Buche;70;;;;;68,5;126;64,8;117;;;70,6;128;67,6;122
APPIANO - CAREZZA;18 buche;70;74,1;121;72,4;117;70,2;112;67,4;106;71,4;123;68;116;64,8;109
APPIANO - CAREZZA;Nove buche;35;37,1;121;36,2;117;35,1;112;33,7;105;35,7;123;34;116;32,4;109
APPIANO - CAREZZA;Nove Buche;35;;;;;34,3;126;32,4;117;;;35,3;128;33,8;122
ARCHI CLAUDIO;18 Buche;66;;;;;65,9;112;62,9;105;;;66,9;111;63,8;105
ARCHI CLAUDIO;Prime Nove;33;;;;;33;112;31,4;105;;;33,5;111;31,9;105
ARCHI CLAUDIO;US KIDS;33;;;;;31,5;106;;;;;33,5;111;;
ARENZANO;18 Buche;72;;;;;71;133;67,9;126;;;73;133;70,7;128
ARENZANO;Nove Buche;36;;;;;35,5;133;34;126;;;36,5;133;35,4;128
ARGENTA;18 Buche;72;;;72,8;126;71,9;125;68,3;117;74,4;129;73,6;128;70,8;122
ARGENTA;Prime Nove;36;;;36,2;129;35,7;127;34;123;37,1;129;36,7;128;35,2;125
ARGENTA;Seconde Nove;36;;;36,6;124;36,2;122;34,2;117;37,3;130;36,9;128;35,6;125
ARGENTARIO;18 Buche;71;;;74,1;141;72,4;138;69,5;131;76,4;143;72,9;135;69,9;129
ARGENTARIO;Prime Nove;36;;;36,8;143;36;141;34,5;138;38,1;144;36,5;137;35;134
ARGENTARIO;Seconde Nove;35;;;37,3;139;36,4;135;34,9;132;38,3;141;36,4;134;34,9;131
ARONA;18 buche;70;;;;;68,8;129;66;123;;;70;125;;
ARONA;Prime Nove;35;;;;;34;131;32,5;124;;;34,8;120;;
ARZAGA;Gary P. 1-9;36;;;;;35;128;33,7;125;;;35,7;123;34,3;120
ARZAGA;Gary Player;72;;;71,8;133;69,9;128;;;72,2;125;71,4;123;;
ARZAGA;GP1 + JN1;72;;;72,5;130;70,9;125;68,2;119;72,3;124;72,1;124;69,4;118
ARZAGA;GP1 + JN2;72;;;72,6;134;70,8;129;67,9;122;73,5;129;72,1;127;69,4;121
ARZAGA;Jack N. 1-9;36;;;;;35,9;124;34,5;121;;;36,4;125;35;122
ARZAGA;Jack Nicklaus;72;;;73,2;130;71,7;126;68,8;119;73,6;129;72,8;128;70;122
ASIAGO;18 Buche;71;;;72,5;127;70,2;124;66,4;115;73,5;127;70,8;124;67,7;117
ASIAGO;Prime Nove;36;;;36,5;128;35,3;121;33,7;117;37,3;128;35,5;125;34,1;122
ASIAGO;Seconde Nove;35;;;36;125;34,9;126;32,9;121;36,2;126;35,3;123;33,6;119
ASOLO;Giallo-Giallo;72;;;73,1;136;71,6;132;;;74,8;131;72,8;127;;
ASOLO;Giallo-Verde;72;;;73,2;137;71,6;131;68,7;124;75,1;137;72,8;132;69,2;125
ASOLO;Percorso Giallo 9 buche;36;;;36,5;136;35,8;132;34,4;126;37,4;131;36,4;127;35,3;121
ASOLO;Percorso Rosso 9 buche;36;;;36,8;141;35,8;137;34,3;129;37,8;129;36,7;122;35,2;116
ASOLO;Percorso Verde 9 buche;36;;;36,7;138;35,7;133;34,3;127;37,6;143;36,5;137;34,5;129
ASOLO;Rosso-Giallo;72;;;73,3;138;71,7;134;68,8;127;75,2;130;73,1;124;70;118
ASOLO;Rosso-Verde;72;;;73,5;139;71,6;135;68,7;128;75,4;137;73,1;129;69,5;121
ASOLO;Verde-Rosso;72;;;73,5;139;;;;;75,4;137;;;;
BAGNAIA;18 Buche;71;;;73,6;147;71,2;141;68,8;135;74,9;141;72,2;135;69,7;130
BAGNAIA;Prime Nove;36;;;37;153;35,8;147;34,6;141;37,3;144;35,9;138;34,6;133
BAGNAIA;Seconde Nove;35;;;36,6;141;35,4;135;34,2;129;37,6;138;36,3;132;35;127
BARIALTO;18 Buche;70;;;;;70,1;125;66;116;;;70,3;120;66,2;111
BARIALTO;Prime Nove;36;;;;;35,2;128;33,1;123;;;35,3;120;33,3;116
BARIALTO;Seconde Nove;34;;;;;34,9;122;33;117;;;35;120;32,9;116
BARLASSINA;Campionato;72;;;72,9;135;71,6;132;68,8;126;74,3;126;74,1;126;73,3;124
BARLASSINA;Prime Nove;36;;;35,9;133;35,3;130;34,2;125;37;121;36,6;119;36,2;118
BARLASSINA;Seconde Nove;36;;;37;138;36,3;135;;;37,3;132;37,5;131;;
BELLOSGUARDO;monnalisa 70;70;;;;;72,4;128;68,8;120;;;72,6;124;69,4;118
BELLOSGUARDO;Monnalisa New;71;;;74,6;133;72,8;129;69,2;121;76,6;133;72,9;125;69,6;118
BELLOSGUARDO;Monnalisa New Prime Nove;36;;;;;36,3;129;34,6;121;;;36,5;125;34,8;118
BELLOSGUARDO;Monnalisa par 35;35;;;;;35,9;128;34,2;120;;;36,2;124;34,6;118
BERGAMO ALBENZA;Blu;36;;;;;35,8;137;34,7;132;;;36,9;127;36;125
BERGAMO ALBENZA;Blu-Giallo;72;;;73,1;137;71,8;136;69,5;131;75,5;133;74,7;131;72,1;125
BERGAMO ALBENZA;Giallo;36;;;;;36;135;34,8;129;;;37,8;135;36,1;125
BERGAMO ALBENZA;Rosso;36;;;;;35,8;136;34,7;131;;;36,1;132;35,9;131
BERGAMO ALBENZA;Rosso-Blu;72;;;72,6;137;70,9;134;69,4;132;74,4;134;73,4;131;71,9;128
BERGAMO ALBENZA;Rosso-Giallo;72;;;72,5;135;71,1;133;69,5;130;74,6;135;73,9;132;72;128
BIELLA BETULLE;18 buche 2018;73;;;75;145;72,9;142;69,6;134;76,5;138;74,7;131;70,5;122
BIELLA BETULLE;Le Betulle;73;;;74,8;144;72,8;140;69,3;132;76,3;136;74,4;130;70;121
BIELLA BETULLE;prime 9;36;;;37,4;146;36,4;138;33,4;124;37,7;133;37;128;33,6;114
BOGLIACO;18 Buche;70;;;;;70,3;141;68,1;136;;;72;134;69,4;129
BOGLIACO;Prime Nove;35;;;;;34,7;141;33,7;136;;;35,8;130;35;127
BOGLIACO;Seconde Nove;35;;;;;35,6;140;34,4;134;;;36,2;138;35,3;134
BOGOGNO;1° Nove - Conte;36;;;;;35,9;130;34,5;127;;;35,7;126;34,2;123
BOGOGNO;2° Nove - Conte;36;;;;;35,1;125;33,9;122;;;35,9;120;34,4;117
BOGOGNO;Bonora;72;;;74,4;140;72,5;136;69,4;129;74,9;136;71,7;130;68,8;124
BOGOGNO;del Conte;72;;;73,2;131;71;128;68,4;122;74,1;129;71,6;123;68,6;117
BOGOGNO;Prime Nove - Bonora;36;;;;;35,9;132;34,4;125;;;35,8;130;34,3;124
BOGOGNO;Seconde Nove - Bonora;36;;;;;36,6;140;35;133;;;36;130;;
BOLOGNA;18 Buche;72;;;72;124;71,7;127;68,8;120;74,3;128;73,7;125;70,8;119
BOLOGNA;PAR 71 CAMPIONATO;71;;;72;124;71,3;125;68,4;119;74,3;128;73,3;124;70,4;118
BOLOGNA;par 71.;71;;;71,6;125;70,9;126;68;120;73,8;128;72,8;124;69,9;118
BOLOGNA;Prime Nove;36;;;36;133;35,7;135;34,4;132;37,2;135;36,7;129;35,2;126
BOLOGNA;Seconde Nove;36;;;36,3;119;36,1;118;34,6;114;37,5;121;37,1;120;35,7;117
BOLOGNA;seconde nove par 35;35;;;35,6;117;35,2;117;33,6;108;36,6;121;36,1;119;34,7;110
BORGO CAMUZZAGO;Nove Buche par 27;27;;;;;28,9;97;28,9;97;;;30,7;96;;
BORGO CAMUZZAGO;18 buche;64;;;;;63,4;112;62,1;109;;;65;105;;
BORGO CAMUZZAGO;18 Buche par54;54;;;;;57,8;97;57,8;97;;;61,4;96;;
BORGO CAMUZZAGO;9 buche;32;;;;;31,7;112;31,1;109;;;32,5;105;;
BORMIO;18 Buche;66;;;;;62,4;111;60,3;106;;;63;121;63;121
BORMIO;Nove Buche;33;;;;;31,2;111;30,1;106;;;31,5;121;;
BOTANIC SA CUBA;18 buche;70;;;;;66,2;118;64,7;114;;;68,6;122;68,6;122
BOTANIC SA CUBA;9 buche;35;;;;;33,1;118;32,4;114;;;34,3;122;;
BOVES;18 Buche;72;;;72,2;129;69,2;125;65,6;117;73,4;127;70,2;119;67,6;114
BOVES;Prime Nove;36;;;36;120;34,8;116;32,9;112;36,6;125;35;116;33,6;113
BOVES;Seconde Nove;36;;;36,2;137;34,5;134;32,8;130;36,8;129;35,3;121;34,1;118
BRIANZA;Brianza;72;;;;;71,4;135;69;129;;;73,1;134;70,6;129
BRIANZA;Prime Nove;35;;;;;34,6;135;33,5;129;;;35,5;133;34,3;129
BRIANZA;Seconde Nove;37;;;;;36,7;135;35,4;129;;;37,5;134;36,2;129
BUENA VISTA;18 BUCHE;60;;;;;60;101;59,6;100;;;60,6;102;;
BUENA VISTA;9 buche;30;;;;;30;101;29,8;100;;;30,3;102;;
CA' AMATA;18 Buche;71;72,3;136;72,2;136;70,6;132;68,2;126;73,5;136;72,3;133;69,8;128
CA' AMATA;Prime Nove;36;;;36,2;139;35,4;135;34,2;129;36,9;139;36,3;134;35;129
CA' AMATA;Seconde Nove;35;36,1;133;36;133;35,2;129;34;123;36,6;133;36;131;34,8;126
CA' LAURA;9 Buche;28;;;;;29,3;101;;;;;29,5;93;;
CA' LAURA;old course;56;;;;;58,6;101;58,1;100;;;59;93;;
CA' NAVE;18 Buche;72;;;73,5;130;72;128;69;121;74,4;135;73,5;132;70,6;126
CA' NAVE;Prime Nove;36;;;;;36,3;129;34,8;122;;;37,3;134;35,8;128
CA' NAVE;Seconde Nove;36;;;;;35,7;127;34,2;120;;;36,2;130;34,7;124
CA' ULIVI;18 Buche;72;;;71,3;124;70;122;69,1;120;73,2;122;71,9;119;;
CA' ULIVI;Mirabello;62;;;;;62,2;112;60,3;108;;;63,4;108;63,4;108
CA' ULIVI;Mirabello 9 B.;31;;;;;31,1;112;30,1;108;;;31,7;108;;
CAGLIARI;18 BUCHE 2017;72;;;;;70,6;126;68,4;124;;;72,4;134;69,9;129
CAGLIARI;9 BUCHE 2017;36;;;;;35,3;126;34,2;124;;;36,2;134;34,9;131
CAMPODOGLIO;18 buche 2019;72;;;71,6;123;70;121;65,8;111;73;126;71;120;67,6;113
CAMPODOGLIO;18 buche par 70;70;;;71,4;123;69,6;121;65,5;112;72,8;125;70,4;120;;
CAMPODOGLIO;18 buche par 71;71;;;71,5;123;69,8;121;;;72,9;126;70,7;120;;
CAMPODOGLIO;par 35 2019;35;;;35,7;123;34,8;121;32,8;116;36,4;125;35,2;120;;
CAMPODOGLIO;par 36 2019;36;;;35,8;123;35;121;33;116;36,5;126;35,5;120;33,8;116
CANSIGLIO;18 Buche;71;;;71,5;133;70;129;66,4;121;73,5;125;70,9;119;67;111
CANSIGLIO;Prime Nove;35;;;;;34,2;126;32,6;122;;;34,9;117;32,8;113
CANSIGLIO;Seconde Nove;36;;;;;35,8;132;33,9;128;;;36;121;34,2;117
CAORLE;18 Buche;72;;;;;71,3;129;68,2;122;;;73,5;124;71,8;120
CAORLE;Prime Nove;36;;;;;35,5;130;33,9;123;;;36,7;121;35,8;118
CAORLE;Seconde Nove;36;;;;;35,8;127;34,3;121;;;36,8;125;36;122
CARIMATE;18 Buche;71;;;71;130;69,7;128;67,5;123;72,9;127;71,2;123;69,6;120
CARIMATE;Prime Nove;36;;;35,4;131;34,7;128;33,9;124;36,4;127;35,6;123;34,7;119
CARIMATE;Seconde Nove;35;;;35,6;131;34,9;128;33,6;122;36,4;127;35,6;123;34,9;121
CASALUNGA;18 Buche;72;;;71,4;128;70,6;125;68;119;72,8;123;71,2;117;69;112
CASALUNGA;Prime Nove;36;;;35,7;128;35,3;125;34;119;36,4;123;35,6;118;34,5;112
CASALUNGA;Seconde Nove;36;;;35,7;128;35,3;125;;;36,4;123;35,6;118;;
CASENTINO;18 Buche;72;;;;;70,6;123;67,5;116;;;73;131;68,5;122
CASENTINO;Nove Buche;36;;;;;35,3;123;33,7;116;;;36,5;131;34,2;121
CASENTINO;Tinzinosa;72;;;;;70,7;127;67,3;119;;;73;132;;
CASENTINO;Tinzinosa 2017;71;;;;;71;128;68,2;121;;;74,1;132;;
CASENTINO;Tinzinosa prime nove (Panorama);36;;;;;35,4;126;33,9;119;;;36,7;132;;
CASTELCONTURBIA;9 buche Azzurro;36;;;36,8;142;35,9;138;34;129;37,8;141;36,6;133;34,7;125
CASTELCONTURBIA;9 buche Giallo;36;;;36,4;148;35,6;146;33,9;138;37,5;135;36,8;131;35,6;126
CASTELCONTURBIA;9 buche Rosso;36;;;37,7;143;37;141;35,2;132;38,6;137;37,5;135;36,2;129
CASTELCONTURBIA;Azzurro-Giallo;72;;;73,2;145;71,5;142;67,9;134;75,3;138;73,4;132;69,9;125
CASTELCONTURBIA;Azzurro-Rosso;72;;;74,5;143;73;139;69,2;130;76,5;139;74,1;134;70,6;127
CASTELCONTURBIA;Giallo-Rosso;72;;;74,1;146;72,6;143;69,1;135;76,2;136;74,3;134;71,5;128
CASTELFALFI;LAKE + Mountain Prime Nove;73;;;;;73,8;145;;;;;76,2;140;;
CASTELFALFI;LAKE + Mountain Seconde Nove;73;;;;;73,1;151;;;;;75,8;147;;
CASTELFALFI;LAKE 9 Buche;37;;;37,2;152;35,9;144;;;39,1;152;37,8;146;;
CASTELFALFI;Mountain 18 Buche;72;;;75,6;151;75,1;150;71,9;142;77,8;144;76,4;141;73,2;134
CASTELFALFI;Prime Nove Mountain;36;;;;;37,9;144;;;;;38,4;134;;
CASTELFALFI;Seconde Nove Mountain;36;;;;;37,2;155;;;;;38;148;;
CASTELGANDOLFO;Campionato;72;;;73,3;137;71,5;134;69,3;129;76,1;135;73,4;130;71;125
CASTELGANDOLFO;Prime Nove;36;;;36,4;140;35,6;138;34,5;133;38;134;36,7;130;35,4;125
CASTELGANDOLFO;PRIME NOVE X2;72;;;72,8;140;71,2;138;69,1;133;76;134;73,4;130;70,8;125
CASTELGANDOLFO;provv 2019;71;;;;;70;128;67,9;123;;;71,8;125;69,5;120
CASTELGANDOLFO;Seconde Nove;36;;;36,9;134;35,9;129;34,8;124;38,1;134;36,7;129;35,6;125
CASTELGANDOLFO;SECONDE NOVE X 2;72;;;73,8;134;71,7;129;69,6;124;76,2;134;73,4;129;71,2;125
CASTELLARO;18 Buche;66;;;;;65,8;115;63,8;110;;;67,3;116;67,3;116
CASTELLARO;Par 62;62;;;;;64,2;111;;;;;65,6;112;;
CASTELLARO;Prime 9(62);31;;;;;32,1;111;;;;;32,8;112;;
CASTELLARO;Prime Nove;33;;;;;32,9;115;31,9;110;;;33,7;116;;
CASTELLARO;Seconde 9(62);31;;;;;32,1;111;;;;;32,8;112;;
CASTELLARO;Seconde Nove;33;;;;;32,9;115;;;;;33,7;116;;
CASTELL'ARQUATO;18 Buche;73;;;;;71,8;124;68,7;117;;;72,9;129;69,9;123
CASTELL'ARQUATO;2 volte Seconde Nove;74;;;;;73,2;129;70;122;;;74,2;135;71,2;129
CASTELL'ARQUATO;Prime Nove;36;;;;;35,2;119;33,7;112;;;35,8;124;34,3;118
CASTELL'ARQUATO;Seconde Nove;37;;;;;36,6;129;35;122;;;37,1;135;35,6;129
CASTELLO SPESSA;18 Buche;71;;;;;69,4;133;67,2;128;;;72,6;127;68,1;118
CASTELLO SPESSA;2 Volte 1°Nove;70;;;;;68,4;128;66,4;123;;;71,6;124;;
CASTELLO SPESSA;Prime Nove;35;;;;;34,2;128;33,2;123;;;35,8;124;;
CASTELLO SPESSA;Seconde Nove;36;;;;;35,4;132;34,2;126;;;36,7;127;;
CASTELLO TOLCINASCO;Blu-Giallo;72;;;73,1;138;71,1;133;68;126;74,9;131;71,6;121;68,1;114
CASTELLO TOLCINASCO;Giallo-Rosso;72;;;73,5;138;71,5;133;68,7;127;75,6;133;72,6;124;69,7;118
CASTELLO TOLCINASCO;Prime Nove (Giallo);36;;;36,7;142;35,5;134;34;131;38;132;35,9;120;34;116
CASTELLO TOLCINASCO;Rosso-Blu;72;;;73,2;135;71,5;132;68,7;125;74,6;131;72,3;125;69,1;118
CASTELLO TOLCINASCO;Seconde Nove (Blu);36;;;36,9;135;36;131;34,5;127;37,7;133;36,6;129;35;126
CASTELLO TOLCINASCO;Terze Nove (Rosso);36;;;36,8;134;36;132;34,7;129;37,6;134;36,6;129;35,1;126
CAVAGLIA';18 buche;68;;;;;66,2;129;63,8;123;;;67,9;121;65,5;116
CAVAGLIA';9 buche;35;;;;;33,7;130;32,6;124;;;34,6;120;33,3;114
CENTO;18 Buche;54;;;;;54,7;91;53,2;88;;;57,1;87;57,1;87
CENTO;Prime Nove;27;;;;;27,4;91;26,6;88;;;28,6;87;;
CERVIA;9 Buche Blu;36;;;35,9;130;35,2;125;34,2;120;;;35,5;121;34,6;117
CERVIA;9 buche Giallo;35;;;;;35,2;124;33,9;118;;;35,6;120;34,5;116
CERVIA;9 Buche Rosso;36;;;36,9;128;36,4;126;34,9;119;;;37;120;35,8;115
CERVIA;Blu-Giallo;71;;;72,3;132;70,5;124;68,2;119;73,5;126;71,1;121;69,1;117
CERVIA;Rosso-Blu;72;;;72,9;129;71,7;125;69,1;119;74,7;125;72,5;120;70,4;116
CERVIA;Rosso-Giallo;71;;;73,3;131;71,6;125;68,7;118;74,6;124;72,6;120;70,3;116
CERVINO;18 Buche;69;;;68,7;129;68;128;65,9;123;70,4;130;69,9;128;67,1;122
CERVINO;9 Buche;68;;;;;65;112;;;;;66,5;114;;
CHERASCO;18 Buche;72;;;71,7;132;70,8;131;68,4;125;74,3;130;73,2;128;70,6;123
CHERASCO;Prime Nove;36;;;36,6;133;36,1;130;34,8;127;37,8;131;37,2;129;35,9;126
CHERASCO;Seconde Nove;36;;;35,1;131;34,7;131;33,6;128;36,5;129;36;127;34,7;124
CILIEGI;Cherries;68;;;;;65,2;117;;;;;67,1;112;;
CILIEGI;Cherries 1 Nove;34;;;;;32,5;116;;;;;33,5;112;;
CILIEGI;Cherries 2 Nove;34;;;;;32,7;117;;;;;33,6;112;;
CILIEGI;I Ciliegi;72;;;71,7;138;70,2;128;68,2;123;73,9;128;71,9;125;69,5;120
CILIEGI;Prime Nove;36;;;35,8;138;35;128;34;123;36,9;128;35,9;125;34,7;120
CILIEGI;Seconde Nove;36;;;36;139;35,2;129;34,2;124;37,1;129;36;125;34,8;120
CITTA' D'ASTI;18 Buche;66;;;;;65;110;62,8;105;;;66,2;111;63,6;106
CITTA' D'ASTI;Prime Nove;33;;;;;32,5;110;31,4;107;;;33,1;111;31,8;108
CLAVIERE;18 Buche;64;;;65,7;116;64,9;118;63,3;114;67,1;126;65,9;124;65,9;124
CLAVIERE;Claviere-Montg.;68;;;69,4;124;67,9;120;;;69,3;117;68,7;116;;
CLAVIERE;Nove Buche;32;;;;;32,5;118;31,6;114;;;33;124;;
COLLI BERGAMO;18 buche;60;;;;;62;113;61,1;111;;;61,8;107;;
COLLI BERGAMO;9 buche;30;;;;;31;113;30,6;111;;;30,9;107;;
COLLI BERICI;18 Buche;70;;;70,8;134;69,7;131;67,2;125;73,2;126;71,6;123;68,3;116
COLLI BERICI;Due volte le Seconde Nove;68;;;;;67,2;131;64,8;125;;;69;123;65,8;116
COLLI BERICI;Prime Nove;36;;;;;36,4;130;35,1;124;;;37,1;123;35,5;116
COLLI BERICI;prime nove 2 volte;72;;;;;72,8;130;70,2;124;;;74,2;123;71;116
COLLI BERICI;Seconde Nove;34;;;;;33,6;131;32,4;125;;;34,5;123;32,9;116
COLLINE GAVI;18 Buche 2020;72;;;74,3;139;72,7;135;70,1;129;77,3;140;74,8;135;72,4;130
COLLINE GAVI;Executive 9 Buche;31;;;;;30,6;113;30,2;111;;;31,2;102;;
COLLINE GAVI;Prime Nove 2020;36;;;37,3;142;36,3;138;35,1;132;;;37,2;139;36,1;134
COLLINE GAVI;Seconde Nove;36;;;37;135;36,4;133;35,1;127;;;37,6;132;36,3;127
COLOMBARO;18 Buche;58;;;;;57,8;98;56,2;94;;;55,7;85;55,7;85
COLOMBARO;Prime Nove;29;;;;;28,9;99;28,1;95;;;27,8;85;;
COLOMBARO;Seconde Nove;29;;;;;28,9;99;;;;;27,8;85;;
COLOMBERA;AZZURRO;34;;;;;32,3;113;30,6;108;;;32,9;116;;
COLOMBERA;NEW (ROSA/AZZURRO);67;;;65;119;64,3;114;60,8;106;66,8;117;65,5;116;;
COLOMBERA;OLD (VIOLA/ROSA);66;;;64,5;117;63,8;112;60,3;104;66;116;64,7;115;;
COLOMBERA;ROSA;33;;;;;32;114;30,2;104;;;32,6;115;;
COLOMBERA;VIOLA;33;;;;;31,8;110;30,1;105;;;32,1;113;;
CONERO;18 Buche;71;;;71,4;131;70,2;129;67,5;123;74,4;127;73,3;125;70,4;119
CONERO;Prime Nove;35;;;;;34,9;132;33,5;126;;;36,3;126;;
CONERO;Seconde Nove;36;;;;;35,4;126;34;120;;;37;123;;
CONTINENTAL VERBANIA;18 buche Mergozzo+Executive;61;;;58,1;106;57,4;104;55,1;99;58,5;100;57,6;98;;
CONTINENTAL VERBANIA;MERGOZZO;34;;;32,6;122;31,9;118;30,3;110;32,9;115;32;112;;
CONTINENTAL VERBANIA;Mergozzo 18 Buche;68;;;65,2;122;63,8;118;60,6;110;65,8;115;64;112;;
CORTINA;18 Buche;70;;;69,8;125;68,2;124;66,4;120;71,2;120;69,4;114;68,5;112
CORTINA;18 Buche Misto;70;;;;;68,9;125;66,4;120;;;70,3;116;68,6;112
CORTINA;9 Buche;35;;;34,9;125;34,1;124;33,2;120;35,6;120;34,7;114;34,3;112
COSMOPOLITAN;1° Nove 2 volte;72;;;;;72,8;131;69,2;123;;;74,8;131;;
COSMOPOLITAN;18 Buche;72;;;73,4;134;72;133;70,5;130;74,8;136;73,8;133;72,2;130
COSMOPOLITAN;2° Nove 2 volte;72;;;;;71,2;135;67,4;126;;;72,8;135;;
COSMOPOLITAN;b.12 chiusa 71;71;;;;;70,8;130;67,3;122;;;72,5;130;;
COSMOPOLITAN;Prime Nove;36;;;;;36,4;131;35,6;127;;;37,4;131;36,5;127
COSMOPOLITAN;Seconde Nove;36;;;;;35,6;135;35;132;;;36,4;135;35,8;132
COURMAYEUR;18 Buche Par 70 Standard;70;;;;;69;122;66,4;116;;;69,7;125;67,3;120
COURMAYEUR;Prime Nove 2015;35;;;;;34,7;122;33,2;118;;;35,1;126;33,7;123
COURMAYEUR;Seconde Nove 2015;35;;;;;34,3;121;33,2;119;;;34,6;124;33,4;121
CREMA;D.10-18+Mummy;72;;;;;70,1;126;67,7;122;;;70,5;126;;
CREMA;D.1-9+Mummy;71;;;;;68,9;125;66,5;118;;;69,8;123;;
CREMA;Daddy;73;;;74,8;135;72,8;131;70,3;125;76,8;135;73,5;130;71,6;126
CREMA;daddy;73;;;74,8;135;72,8;131;;;76,8;135;73,5;130;73,5;130
CREMA;Mummy 18;70;;;;;66,2;120;63,9;115;;;66,8;119;;
CREMA;Mummy 9;35;;;;;33,1;120;31,9;115;;;33,4;119;;
CREMA;Prime Nove;36;;;36,9;131;35,8;129;34,6;126;38;132;36,4;126;34,7;123
CREMA;Seconde Nove;37;;;38;139;37;133;35,8;129;38,9;137;37,1;133;;
CROARA;18 Buche;72;;;;;71,5;132;68,7;126;;;73,9;130;70,5;123
CROARA;18 buche provv. B-17 Par 3;70;;;;;69,9;128;66,6;120;;;72,1;126;;
CROARA;Prime Nove;36;;;;;36,1;131;34,7;124;;;36,8;126;35,1;119
CROARA;Provvisorio 18 buche (1-2-3-4-5-6-7-13-18);72;;;;;71;124;67,9;117;;;73;125;;
CROARA;Provvisorio 18 buche Par 68;68;;;;;66,9;121;;;;;69;120;;
CROARA;Provvisorio 9 buche (1-2-3-4-5-6-7-13-18);36;;;;;35,5;124;34;117;;;36,5;125;;
CROARA;Seconde Nove;36;;;;;35,4;133;34;127;;;37,1;134;35,4;127
CUS FERRARA;18 Buche;68;;;;;67,8;116;65,2;110;;;68,9;111;66,3;106
CUS FERRARA;9 Buche OLD Course;33;;;;;32,8;112;31,4;109;;;33,5;107;32,4;105
CUS FERRARA;Prime Nove;34;;;;;33,2;122;31,9;119;;;33,7;109;32,5;107
CUS FERRARA;Seconde Nove;34;;;;;34,5;111;33,3;108;;;35,2;112;33,8;109
DES ILES BORROMEES;18 Buche;72;;;72,2;135;70,5;132;67,4;125;73,9;131;72,4;129;68,8;122
DES ILES BORROMEES;Prime Nove;36;;;36,1;132;35,5;128;33,9;124;36,9;132;36,5;131;34,4;127
DES ILES BORROMEES;Seconde Nove;36;;;36,1;138;35;135;33,4;131;37;130;35,9;128;34,5;125
DOLOMITI;18 Buche;73;;;72,7;130;71,6;127;68,9;121;75,8;138;73,4;132;70,7;126
DOLOMITI;2 volte le seconde nove;72;;;;;70,6;122;67,2;114;;;72,6;126;69,8;118
DOLOMITI;Prime Nove;37;;;;;36,2;135;34,7;132;;;37;138;35,5;135
DOLOMITI;Seconde Nove;36;;;;;35,3;122;33,6;114;;;36,3;126;34,9;118
DRUENTO;18 Buche;72;;;;;69,7;124;66,2;116;;;71;120;68,4;115
DRUENTO;9 Buche;36;;;;;34,9;124;33,1;116;;;35,5;120;34,2;115
DUCATO - LA ROCCA;18 Buche;72;;;73,4;134;72,5;133;67,9;122;75,7;129;73,6;126;69,8;118
DUCATO - LA ROCCA;Prime Nove;37;;;37,5;139;37,2;138;35;128;38,8;133;37,9;131;35,9;122
DUCATO - LA ROCCA;Seconde Nove;35;;;35,9;128;35,3;127;33,8;124;36,9;125;35,7;125;34,3;122
FAENZA CICOGNE;18 Buche;70;;;;;68,6;119;67,4;116;;;71,2;117;70;114
FAENZA CICOGNE;9 buche;35;;;;;34,3;119;33,7;116;;;35,6;117;35;114
FIORANELLO;18 Buche;70;;;;;69,9;129;67,9;124;;;73,1;130;70,7;125
FIORANELLO;Prime Nove;34;;;;;34,3;126;33,3;121;;;35,8;126;34,7;121
FIORANELLO;Seconde Nove;36;;;;;35,6;132;34,6;127;;;37,3;134;36;129
FIRENZE UGOLINO;18 Buche;72;;;;;70,9;133;67,5;125;;;72,4;126;69,2;119
FIRENZE UGOLINO;Prime Nove;36;;;;;35,2;133;33,8;130;;;36,2;132;34,7;129
FIRENZE UGOLINO;provv 2017;70;;;;;69;127;65,7;119;;;70,3;120;67,3;114
FIRENZE UGOLINO;Provvisorio buca 9 Par 3;70;;;;;69,4;129;66,1;121;;;70,7;122;67,9;116
FIRENZE UGOLINO;Seconde Nove;36;;;;;35,7;135;33,7;130;;;36,2;120;34,6;117
FIUGGI 1928;18 Buche;70;;;70,3;123;;;67,4;116;;;72,5;128;69,8;122
FIUGGI 1928;Prime Nove;35;;;35,3;130;;;33,8;124;;;36,4;135;35;128
FIUGGI 1928;Seconde Nove;35;;;35;117;;;33,6;110;;;36,1;121;34,8;115
FOLGARIA;18 Buche;72;;;;;70;124;66,7;116;;;72,6;124;69,2;117
FOLGARIA;9 buche nuove;36;;;;;34,6;123;33,1;114;;;35,6;121;33,8;112
FOLGARIA;Vecchie Nove;36;;;;;35,4;126;34,3;123;;;36,2;128;34,9;125
FONTI;18 Buche;72;;;73,4;130;71,8;126;69,1;120;76,7;130;73,4;124;70,7;118
FONTI;Due volte le prime nove;72;;;;;71,6;128;69,4;121;;;73;125;70,4;120
FONTI;Due volte le seconde nove;72;;;;;71,8;126;69,6;121;;;73,8;122;71,4;118
FONTI;Prime Nove;36;;;36,6;131;35,8;128;34,7;121;38,2;133;36,5;125;35,2;120
FONTI;Seconde Nove;36;;;36,9;129;35,9;126;34,8;121;38,4;127;36,9;122;35,7;118
FORLI';18 Buche;72;;;72,5;130;71;128;69,6;125;73,6;122;71,9;120;70,2;116
FORLI';Misto B/G;72;;;;;71,7;129;;;;;72,8;121;;
FORLI';Prime Nove;36;;;36,2;130;35,5;128;;;36,8;122;36;120;;
FORLI';Seconde Nove;36;;;36,2;130;35,5;128;;;36,8;122;36;120;;
FORTE MARMI;18 Buche;71;;;;;71,7;123;68,3;115;;;73,3;125;;
FRANCIACORTA;B+S -12+7B;72;;;;;70,9;128;67,7;120;;;72,7;127;69,4;120
FRANCIACORTA;B+S -3 +7B;72;;;;;71;129;67,8;121;;;72,8;129;69,6;122
FRANCIACORTA;B+S -5 +7B;70;;;;;71,6;132;68,2;124;;;73,5;132;70,1;125
FRANCIACORTA;BRUT;37;;;;;36,1;128;34,5;124;;;37,3;131;35,5;127
FRANCIACORTA;BRUT+ROSE';71;;;71,5;135;70,2;131;67,1;124;72,6;132;71,7;127;68,4;120
FRANCIACORTA;BRUT+SATEN;73;;;72,6;134;72,1;132;68,7;124;74,5;133;73,8;131;70,4;124
FRANCIACORTA;ROSE';34;;;;;34,1;133;32,6;130;;;34,4;123;32,8;120
FRANCIACORTA;SATEN;36;;;;;36;135;34,4;131;;;36,5;130;34,9;127
FRANCIACORTA;SATEN+ROSE';70;;;71,5;138;70,1;134;67;127;71,9;131;70,9;127;67,7;120
FRASSANELLE;18 Buche;72;;;72,9;135;71,5;131;69;125;74,5;135;73;129;70,4;124
FRASSANELLE;Prime Nove;36;;;36,2;136;35,6;133;34,3;127;37;132;36,4;125;35,1;120
FRASSANELLE;Seconde Nove;36;;;36,6;133;35,9;129;34,7;123;37,5;138;36,5;134;35,2;129
FRONDE;18 Buche;71;;;71,7;135;70,7;132;68,3;126;74,2;132;73,1;130;70,2;124
FRONDE;Prime Nove;35;;;;;35,5;131;34,3;128;;;36,7;128;35,5;125
FRONDE;Seconde Nove;36;;;;;35,2;133;34,6;124;;;36,4;132;35,9;129
GARDAGOLF;Bianco-Giallo;71;;;;;70,9;135;68,1;129;;;72,5;128;69,6;122
GARDAGOLF;Prime Nove;36;;;;;36,5;139;34,7;131;;;37,3;131;;
GARDAGOLF;Rosso-Bianco;72;;;75;139;72,5;141;70,6;136;77,3;140;74,3;133;71,1;126
GARDAGOLF;Rosso-Giallo;71;;;;;70,3;137;67,8;131;;;72,3;130;69,6;124
GARDAGOLF;Seconde Nove;35;;;;;34,4;130;32,6;122;;;35,2;125;;
GARLENDA;18 Buche;72;;;72,5;134;72;133;69,5;127;;;73,6;130;69,5;122
GARLENDA;Prime Nove;36;;;35,9;137;35,8;136;34,5;130;;;36,8;126;34,8;118
GARLENDA;Seconde Nove;36;;;36,6;138;36,3;136;35;130;;;36,9;132;34,8;124
GIRASOLI;Perc NEW 1°Nove;36;;;;;36,1;133;34,9;130;;;36,7;136;35,3;133
GIRASOLI;Perc NEW 2°Nove;35;;;;;34,4;124;33,2;121;;;34,9;136;33,7;133
GIRASOLI;Perc OLD 1°Nove;35;;;;;34,5;124;;;;;35,1;124;;
GIRASOLI;Perc OLD 2°Nove;36;;;;;36,3;129;;;;;37;135;;
GIRASOLI;Percorso NEW;71;;;70,8;130;70,5;129;68,1;123;;;71,6;130;69;125
GIRASOLI;Percorso OLD;71;;;71;128;70,8;127;;;;;72,1;130;;
GRADO;18 Buche;72;;;71,9;128;70,9;128;67;119;73,2;123;71,9;122;;
GRADO;9 Buche misto;36;;;;;35,3;126;33,5;117;;;35,7;123;;
GREEN CLUB;18 Buche;71;;;;;70,9;128;68,6;123;;;72,7;129;70,2;124
GREEN CLUB;Prime Nove;35;;;;;34,9;129;33,8;126;;;35,9;125;34,6;122
GREEN CLUB;Seconde Nove;36;;;;;35,9;128;34,7;125;;;36,9;133;35,6;130
GRESSONEY;18 Buche;68;;;;;65,5;112;63,5;108;;;66,5;120;66,5;120
GRESSONEY;18 buche 1-9 1-9;64;;;;;62,8;107;61;103;;;62,6;109;62,6;109
GRESSONEY;18 BUCHE 2018;68;;;;;64,6;117;62,4;112;;;66;123;66;123
GRESSONEY;18 BUCHE 2018 PROVV;70;;;;;65,4;116;63,2;110;;;67,2;126;;
GRESSONEY;9 b provv 2017;33;;;;;31,6;108;30,7;104;;;31,8;113;;
GRESSONEY;9 buche;34;;;;;32,8;112;31,8;107;;;33,3;120;;
GRESSONEY;9 buche 1-9;32;;;;;31,4;107;30,5;103;;;31,3;109;;
GRESSONEY;9 BUCHE 2018;34;;;;;32,3;117;31,2;114;;;33;123;;
GRESSONEY;9 BUCHE 2018 PROVV;35;;;;;32,7;116;31,6;110;;;33,6;126;;
GRESSONEY;provv 2017;66;;;;;63,2;108;61,4;104;;;63,6;113;;
HERMITAGE;18 buche;56;;;;;52,8;110;;;;;53;116;;
HERMITAGE;9 buche;28;;;;;26,4;110;;;;;26,5;116;;
IS ARENAS;18 Buche;72;;;74;140;72,6;137;70,2;131;76,2;140;73;132;70,6;127
IS ARENAS;4-12 RIPETUTE;72;;;;;71,6;129;69,1;123;;;72;119;70;115
IS ARENAS;9 buche 4-12;36;;;;;35,8;129;34,6;123;;;36;119;35;115
IS ARENAS;MISTO 1-2-3-13....18;36;;;;;36,4;143;35,2;140;;;36,5;127;35,1;124
IS ARENAS;Misto 1-2-3-13-14-15-16-17-18;72;;;;;72,8;143;70,5;138;;;73;127;70,1;121
IS ARENAS;Prime Nove;36;;;;;35,6;137;34,5;131;;;35,7;129;34,6;124
IS ARENAS;Seconde Nove;36;;;;;37;137;35,7;131;;;37,3;135;36;130
IS MOLAS;18 Buche;72;;;74,5;134;73,5;131;69,5;122;76,7;133;75,6;130;71,3;121
IS MOLAS;Prime Nove;35;;;;;36,7;130;34,7;121;;;37,6;126;35,5;117
IS MOLAS;Prime-Terze;71;;;;;73;136;69,4;128;;;75,6;134;71,8;134
IS MOLAS;Seconde Nove;37;;;;;36,8;132;34,8;123;;;38;134;35,9;125
IS MOLAS;Seconde-Terze;73;;;;;73,1;137;69,6;129;;;76;138;72,2;129
IS MOLAS;Terze Nove;36;;;;;36,3;141;34,8;134;;;38;141;36,4;134
IS MOLAS;Terze-Terze;72;;;;;72,6;141;69,5;134;;;76;141;72,8;134
JESOLO;18 Buche;72;;;72,4;122;70,7;119;66,9;112;73,7;121;72;117;70,3;112
JESOLO;Prime Nove;36;;;36,5;122;35,6;120;33,6;113;37;121;36,2;117;35,3;112
JESOLO;Seconde Nove;36;;;35,8;121;35,1;119;33,3;111;36,7;122;35,7;117;35;112
LAGHI;18 Buche;73;;;74,9;143;73,4;139;71,1;134;76,7;146;75;142;72,7;137
LAGHI;Prime Nove;36;;;37,2;144;36,4;141;35,1;134;38,4;141;37,6;137;36,3;131
LAGHI;Seconde Nove;37;;;37,7;139;37;136;36;132;38,3;150;37,4;146;36,5;142
LAMBORGHINI;18 Buche;72;;;;;70;123;67;116;;;71,9;123;69;117
LAMBORGHINI;Prime Nove;36;;;;;35;123;33,5;120;;;36;123;34,6;120
LAMBORGHINI;Seconde Nove;36;;;;;35;123;;;;;36;123;;
LANA;18 Buche;70;;;70,6;123;69;120;66,3;114;72;124;70,2;120;67,3;114
LANA;9 Buche;35;;;35,3;123;34,5;120;33,2;114;36;124;35,1;120;33,7;114
LANA;Misto Lana+Eppan;70;;;70,9;120;;;;;69,8;120;;;;
LANZO;18 Buche;68;;;;;68,8;132;65,8;125;;;70,1;123;;
LANZO;Prime Nove;34;;;;;34,5;133;33;126;;;35,2;125;;
LANZO;Seconde Nove;34;;;;;34,3;131;;;;;34,9;121;;
LAURI;18 buche par 68;68;;;;;64,8;122;63;118;;;66,6;114;66,6;114
LAURI;9 buche par 34;34;;;;;32,4;122;31,5;118;;;33,3;114;;
LECCO;18 Buche;71;;;;;70,8;135;68,7;130;;;72,7;134;71,7;132
LECCO;Prime Nove;34;;;;;33,3;124;32,3;119;;;34,2;120;33,7;118
LECCO;Prime Nove 2 volte;68;;;;;66,6;124;64,5;119;;;68,4;120;67,4;118
LECCO;Seconde Nove;37;;;;;37,5;146;36,5;141;;;38,5;148;38;146
LECCO;Seconde Nove 2 volte;74;;;;;75;146;73;141;;;77;148;76;146
LIGNANO;18 Buche;72;;;73,6;136;72,1;133;68,6;125;76,3;138;73;131;69,5;124
LIGNANO;Prime Nove;36;;;36,9;135;36,1;133;34,2;129;38,9;139;36,7;131;35;127
LIGNANO;Seconde Nove;36;;;36,7;137;36;133;34,2;129;37,5;136;36,3;132;34,5;128
LIMONE;18 Buche;60;;;;;62,6;103;;;;;62,5;101;;
LIMONE;Prime Nove;30;;;;;31,3;104;;;;;31,3;101;;
LIMONE;Seconde Nove;30;;;;;31,3;104;;;;;31,3;101;;
LIVORNO;18 Buche;56;;;;;58,8;100;;;;;60;98;60;98
LIVORNO;9 Buche;28;;;;;29,4;100;;;;;30;98;;
MADONNA CAMPIGLIO;Nove Buche;35;;;;;34,7;128;33,5;122;;;36,3;138;35;130
MADONNA CAMPIGLIO;Nuovo;70;;;;;69,4;130;66,9;124;;;72,9;136;69,7;129
MARCO SIMONE;2019;68;;;67,3;120;66,6;118;62,4;108;68,9;118;68,1;116;64;107
MARCO SIMONE;prime nove 2019;36;;;36,5;141;35,8;138;33,8;133;37,2;134;36,4;131;34,4;127
MARCO SIMONE;prime nove 2019 2 volte;72;;;73;141;71,6;138;67,6;133;74,4;134;72,8;131;68,8;127
MARCO SIMONE;Resort 18 Buche;64;;;;;61,6;97;58,2;89;;;63,4;100;60,4;94
MARCO SIMONE;Resort 9 Buche;32;;;;;30,8;97;29,1;89;;;31,7;100;30,2;94
MARE ROMA;18 Buche;70;;;;;69,5;126;67,2;121;;;70,7;127;68;121
MARE ROMA;Prime Nove;35;;;;;34,8;126;33,6;121;;;35,2;127;34;121
MARE ROMA;Seconde Nove;35;;;;;34,8;126;;;;;35,4;127;;
MARGARA;La Guazzetta;72;;;75,1;129;72,9;124;68,8;115;76,2;132;74,2;125;70,8;118
MARGARA;Lolli Ghetti;72;;;73,9;133;72,5;130;69,4;123;75,7;131;74,6;128;71;120
MARGARA;Prime Nove;36;;;;;36,6;134;35;127;;;37,8;130;;
MARGARA;Prime Nove Giallo;36;;;;;36,7;128;;;;;37,8;130;;
MARGARA;Seconde Nove;36;;;;;35,8;126;34,3;119;;;36,8;127;;
MARGHERITA;18 Buche;72;;;73,8;138;72,4;136;69,7;130;77;139;75,4;134;72,2;127
MARGHERITA;Prime Nove;36;;;;;36;139;34,9;134;;;37,8;133;36,1;126
MARGHERITA;Seconde Nove;36;;;;;36,4;132;34,8;125;;;37,6;134;36,1;128
MATILDE GOLF;18 Buche;72;;;72,6;136;71,4;133;67,6;124;74,3;128;73;126;69,1;118
MATILDE GOLF;Prime Nove;36;;;35,8;131;35,2;129;33,5;121;36,8;124;36,1;122;;
MATILDE GOLF;Provvisorio;72;;;;;71,3;132;;;;;73,2;125;;
MATILDE GOLF;Seconde Nove;36;;;36,8;140;36,2;137;34,1;127;37,5;133;36,9;130;;
MENAGGIO;18 Buche;70;;;69,3;133;69,3;133;67;128;71,3;126;71,3;126;69;121
MENAGGIO;Prime Nove;34;;;;;35,2;127;34;122;;;35,9;126;34,8;121
MENAGGIO;Seconde Nove;36;;;;;34,1;139;33,5;134;;;35,4;126;34,3;121
METAPONTO;18 buche;72;;;73,2;130;72,1;128;68,7;120;77,9;134;73,7;125;70;117
METAPONTO;Prime Nove;36;;;;;36,2;129;34,6;121;;;37,1;127;35,3;119
METAPONTO;Seconde Nove;36;;;;;35,8;127;34,1;117;;;36,6;122;34,7;114
MIGLIANICO;18 Buche;72;;;71,6;129;70,4;126;67,4;119;74,4;125;73,9;125;70,5;117
MIGLIANICO;Campionati a squadre 2015;71;;;71,3;128;;;;;;;;;;
MIGLIANICO;Prime Nove;36;;;;;34,8;126;33,3;119;;;36,6;125;35;117
MIGLIANICO;Seconde Nove;36;;;;;35,6;126;34;119;;;37,1;123;35,5;117
MILANO;01-Feb;72;;;75;132;73,4;129;69,8;121;76,6;132;75,3;129;72;122
MILANO;01-Mar;72;;;;;72;126;68,7;118;;;73,9;124;70,6;117
MILANO;02-Mar;72;;;;;72;126;68,5;118;;;74;126;70,5;119
MILANO;Nove Perc.1;36;;;;;36,8;129;35;120;;;37,7;126;36;119
MILANO;Nove Perc.2;36;;;;;36,6;128;34,8;119;;;37,6;131;35,9;124
MILANO;Nove Perc.3;36;;;;;35,4;126;33,8;122;;;36,5;121;34,8;117
MILANO;Percorso 1/2 Provvisorio;72;;;;;73;128;;;;;74,9;128;;
MIRABELLA;18 Buche;62;;;;;64,5;121;62,2;116;;;67,2;114;67,2;114
MIRABELLA;Prime Nove;31;;;;;32,3;121;32,3;121;;;33,6;114;;
MIRABELLA;Seconde Nove;31;;;;;32,2;121;;;;;33,6;114;;
MODENA;18 Buche;72;;;73,6;131;72,2;128;70,2;123;74,9;130;73,7;127;71,6;123
MODENA;Prime Nove;36;;;36,9;134;36,2;132;35,2;128;37,8;129;36,7;126;35,8;123
MODENA;Provvisorio B.13 par 3;70;;;71,6;126;70,4;124;68,6;119;72,8;126;71,8;123;69,9;119
MODENA;Seconde Nove;36;;;36,8;125;36;123;35;119;37,2;130;37;127;35,8;122
MOLINETTO;18 Buche;71;;;71,9;131;71,4;130;68,8;124;73,5;129;72,5;127;69,7;121
MOLINETTO;Prime Nove;36;;;36,1;134;35,8;132;34,6;129;37,3;131;36,7;128;35,4;125
MOLINETTO;Seconde Nove;35;;;35,7;130;35,6;129;34,3;126;36,2;128;35,9;125;34,4;122
MOLINO PERO;18 Buche;70;;;;;67,8;124;64,4;116;;;68,8;120;;
MOLINO PERO;MOLINO PERO 2016;69;;;;;67,5;123;64;115;;;68;119;68;119
MOLINO PERO;PRIME 9 2016;34;;;;;32,7;119;31,4;113;;;32,9;119;;
MOLINO PERO;Prime Nove;35;;;;;33,5;123;31,9;116;;;33,7;122;;
MOLINO PERO;SECONDE 9 2016;35;;;;;34,8;127;32,7;117;;;35,1;118;;
MOLINO PERO;Seconde Nove;35;;;;;34,3;125;32,7;118;;;35,2;119;;
MONASTERI;18 Buche;71;;;75,5;145;73,5;140;69,6;131;77,2;142;73,2;134;70,1;127
MONASTERI;Prime Nove;35;;;;;36,2;130;34,7;126;;;35,8;126;34,5;123
MONASTERI;Seconde Nove;36;;;;;37,3;150;35,7;146;;;37,4;142;35,8;139
MONCALIERI;18 Buche;64;;;63,7;102;62,7;100;60,2;94;65,1;103;63,6;100;63,6;100
MONCALIERI;9 buche;32;;;31,8;102;31,3;100;30,1;94;32,5;103;31,8;100;;
MONFERRATO;Bianco/Blu 9B;33;;;31,9;113;;;;;32;112;;;;
MONFERRATO;Giallo/Rosso 9B;33;;;;;31,8;111;;;;;31,3;109;;
MONFERRATO;Misto 18 Buche;66;;;63,7;112;63,7;112;62;108;63,4;111;63,4;111;;
MONTE CIMONE;18 Buche;68;;;65,4;112;65;112;63;107;67,8;122;67,2;121;67,2;121
MONTE CIMONE;Prime Nove;34;;;32,7;112;32,5;112;31,5;107;33,9;122;33,6;121;;
MONTEBELLUNA;Campionato;72;;;71,1;123;71,1;123;68,4;117;73,3;127;73,3;127;70,3;121
MONTEBELLUNA;Misto;71;;;70;124;70;124;67,4;118;72;125;72;125;69,2;119
MONTEBELLUNA;Prime Nove;36;;;35,6;123;35,6;123;34,3;120;36,7;127;36,7;127;35,3;124
MONTEBELLUNA;Seconde Nove;36;;;35,6;123;35,6;123;34,3;120;36,7;127;36,7;127;35,3;124
MONTECATINI TERME;18 Buche;72;;;72,1;137;71,2;135;67,4;126;73,4;130;72,2;128;69,8;123
MONTECATINI TERME;Prime Nove;37;;;36,8;136;36,4;135;34,7;127;37,6;134;37,1;133;35,7;127
MONTECATINI TERME;Seconde Nove;35;;;35,3;138;34,8;135;32,8;126;35,8;126;35,1;123;34,1;119
MONTECCHIA;Bianco 9 b.;36;;;;;36,3;129;33,9;118;;;37,3;125;34,8;115
MONTECCHIA;Bianco-Giallo;72;;;72,9;126;71,8;126;68;117;74,2;125;73,2;122;69,8;115
MONTECCHIA;Bianco-Rosso;72;;;73,2;129;72,1;128;67,6;118;75,4;127;74,1;124;69,2;114
MONTECCHIA;Galzignano Course;31;;;;;30,9;108;30,1;104;;;30,6;102;29,7;98
MONTECCHIA;Giallo 9 b.;36;;;;;35,5;123;34,1;117;;;35,9;119;35;115
MONTECCHIA;Giallo-Giallo;72;;;;;71;123;68,2;117;;;71,8;119;70;115
MONTECCHIA;Rosso 9 b.;36;;;;;35,7;126;33,6;116;;;36,8;123;34,4;113
MONTECCHIA;Rosso-Giallo;72;;;72,2;126;71,3;124;67,7;117;73,6;123;72,6;121;69,4;114
MONTELUPO;bianco 2020;68;;;;;67,1;120;64,2;113;;;68;113;65,5;108
MONTELUPO;blu 2020;70;;;;;69,6;126;66,5;119;;;71;117;67,9;110
MONTELUPO;blu 2020 9 buche;35;;;;;34,8;126;33,2;119;;;35,5;117;34;110
MONTELUPO;giallo 2020;68;;;;;67,2;119;64,3;113;;;68,1;112;65,1;106
MONTELUPO;rosso 2020;68;;;;;66,9;119;64;112;;;67,9;112;64,9;106
MONTELUPO;verde 2020;69;;;;;68,1;121;65,2;114;;;69,2;114;66,1;107
MONTEVEGLIO;18 Buche;64;;;;;63,4;114;60,6;108;;;63,6;108;63,6;108
MONTEVEGLIO;Nove Buche;32;;;;;31,7;114;30,3;108;;;31,8;108;;
MONTICELLO;Blu;72;;;72,4;134;71,4;132;69,4;121;74,5;131;73,2;128;70,7;118
MONTICELLO;Blu 2 (Ridotto);72;;;;;69,2;120;;;;;70,4;117;;
MONTICELLO;Prime Nove Blu;36;;;36,5;131;36;129;35;118;37,5;126;36,8;123;35,5;113
MONTICELLO;Prime Nove Rosso;36;;;36,8;135;35,8;134;34,2;126;38;131;36,9;127;35,3;122
MONTICELLO;Rosso;72;;;74;134;72,1;133;70,4;126;75,9;131;73,8;128;72,2;123
MONTICELLO;Rosso1+Blu1;72;;;73,3;133;71,8;132;69,2;119;75,5;129;73,7;125;70,9;118
MONTICELLO;Rosso1+Blu2;72;;;72,7;136;71,3;135;68,7;125;75;133;72,4;130;70,4;123
MONTICELLO;Rosso2+Blu1;72;;;73,8;132;72,3;131;69,2;122;75,5;129;72,8;126;70,8;118
MONTICELLO;Rosso2+Blu2;72;;;73,2;135;71,8;134;68,7;125;75;133;72,4;130;70,4;123
MONTICELLO;Sec. Nove Blu;36;;;35,9;137;35,5;135;34,5;124;37;135;36,4;133;35,1;123
MONTICELLO;Sec.Nove Rosso;36;;;37,3;133;36,3;132;34,2;126;38;131;36,9;128;35,3;122
MULINO CERRIONE;18 BUCHE;72;;;68,9;130;68,2;119;66;114;72;123;71;121;68,9;117
MULINO CERRIONE;NOVE BUCHE;36;;;34,5;130;34,1;119;33;114;36;123;35;121;34,5;117
MUSELLA;18 buche;66;;;;;61,6;107;596;103;;;61,8;109;;
MUSELLA;9 buche;33;;;;;30,8;107;29,8;103;;;30,9;109;;
NAPOLI;18 Buche;70;;;69,1;117;67;112;63,8;105;74,4;122;70,4;113;66,5;105
NAPOLI;9 buche;35;;;34,3;116;33,2;111;31,4;102;37;123;34,9;114;33,5;108
NAZIONALE;Campionato;72;;;73,8;145;71,7;142;69,1;136;75,4;142;73,2;135;70,4;129
NAZIONALE;Carta;72;;;73,4;144;73,4;144;;;75,1;142;75,1;142;;
NAZIONALE;Prime Nove;36;;;37,2;151;35,8;143;34,5;136;37,8;147;36,8;142;35,4;132
NAZIONALE;Seconde Nove;36;;;37,2;143;35,9;142;34,6;135;38,1;142;36,4;129;35;126
OLGIATA;9 Buche GIALLO;36;;;37,5;137;36,4;134;35;128;38,1;135;37,3;133;35,8;128
OLGIATA;9 Buche VERDE;37;;;38;139;37,3;138;35,6;130;39,5;141;38,4;137;36,4;130
OLGIATA;Blu 9 Buche;36;;;;;36,5;129;35;122;;;37,1;125;;
OLGIATA;Blu-Blu;72;;;;;73;129;70;122;;;74,2;125;;
OLGIATA;Championship Course;71;;;77,4;142;;;;;77,6;139;;;;
OLGIATA;Percorso Ovest Par 71;71;;;74,5;134;72,9;132;70;125;76,2;131;74;127;70,8;120
OLGIATA;Percorso Ovest Par 72;72;;;75,2;138;73,2;134;69,8;126;77,2;137;75,1;134;71,5;126
OLGIATA;Percorso Ovest Par 73;73;;;75,5;138;73,7;136;70,3;128;77,6;138;75,7;135;72,1;127
PADOVA;Blu-Giallo;72;;;72,2;130;70,5;128;69;124;74,2;127;72,4;123;71;120
PADOVA;Old Course;72;;;72,5;129;70,7;125;69,3;122;74;127;72,6;125;71,3;122
PADOVA;Prime Nove (Giallo);36;;;35,7;129;34,9;127;34,2;125;36,8;127;35,9;124;35,2;123
PADOVA;Rosso-Blu;72;;;73;129;71,3;126;69,4;122;74,6;125;72,7;121;71,6;119
PADOVA;Rosso-Giallo;72;;;72,2;128;70,6;125;68,9;121;74;126;72,1;122;71;120
PADOVA;Seconde Nove (Rosso);36;;;36,5;126;35,7;123;34,7;121;37,2;124;36,2;120;35,8;119
PALERMO;18 buche;64;;;;;62,4;112;59,1;104;;;62;102;;
PALERMO;9 buche;32;;;;;31,2;112;29,6;104;;;31;102;;
PANORAMA GOLF;18 Buche;66;;;;;64;111;61,5;105;;;64,6;107;64,6;107
PANORAMA GOLF;Prime Nove;33;;;;;32;111;30,8;105;;;32,3;107;;
PANORAMA GOLF;Seconde Nove;33;;;;;32;111;30,8;105;;;32,3;107;;
PARADISO;18 Buche;71;;;71,3;136;69,2;134;67;129;73,8;136;70;128;67,7;123
PARADISO;Prime Nove;35;;;;;34,1;131;;;;;34,1;127;;
PARADISO;provv 2019;71;;;;;68,8;143;66,6;138;;;70;128;67,5;122
PARADISO;Seconde Nove;36;;;;;35,1;137;;;;;35,9;128;;
PARCO FIRENZE;18 Buche;62;;;;;59,4;99;59,3;99;;;60,7;99;60,7;99
PARCO FIRENZE;Prime Nove;31;;;;;29,7;99;29,6;99;;;30,4;99;;
PARCO MEDICI;9 Buche Bianco;35;;;;;34,7;132;33,4;129;;;35,6;123;34,1;120
PARCO MEDICI;9 Buche Blu;37;;;;;36,4;140;34,8;136;;;37,1;138;35,5;135
PARCO MEDICI;9 buche Rosso;35;;;;;34,2;124;32,9;118;;;35,3;122;33,9;116
PARCO MEDICI;Blu/Bianco (Champ.Invertito);72;;;73;136;71,1;136;68,2;129;74,7;137;72,7;130;69,6;123
PARCO MEDICI;Championship Bianco/Blu;72;;;73;136;71,1;136;68,2;129;74,7;137;72,7;130;69,6;123
PARCO MEDICI;Est (Rosso x 2);70;;;;;68,4;124;65,8;118;;;70,6;122;67,7;116
PARCO MEDICI;King Blu/Rosso;72;;;;;70,6;132;67,7;127;;;72,4;130;69,4;125
PARCO MEDICI;Queen Bianco/Rosso;70;;;;;68,9;128;66,3;124;;;70,9;123;68;118
PARCO ROMA;Castello;72;;;73,4;139;72,2;139;69,4;133;76,3;140;73,8;133;70,7;126
PARCO ROMA;Castello 1°Nove;36;;;;;35,5;138;34;127;;;36,5;129;35;120
PARCO ROMA;Castello 2°Nove;36;;;;;36,7;140;35,1;129;;;37,3;137;35,8;128
PARCO ROMA;Misto;72;;;;;72,4;139;69;131;;;73,8;134;70,8;128
PARCO ROMA;Misto 4-->12;72;;;;;72;139;69,2;129;;;73,8;132;70,8;126
PARCO ROMA;Prime Nove Summer;36;;;;;35,5;138;34;127;;;36,5;129;35;120
PARCO ROMA;Summer (17=1);72;;;73,4;139;72,2;139;69,4;133;76,3;140;73,8;133;70,7;126
PASSIRIA MERANO;18 Buche;71;;;72,5;138;71;135;67,7;127;74,7;139;73;130;;
PASSIRIA MERANO;Prime Nove;35;;;;;34,5;130;;;;;35,4;127;;
PASSIRIA MERANO;Seconde Nove;36;;;;;36,5;140;;;;;37,6;133;;
PAVONIERE;18 Buche;72;;;74,7;140;73;139;70;130;77,1;145;74,9;139;71,7;132
PAVONIERE;18 buche short;72;;;74,7;140;72,2;138;70;133;77,1;145;74,8;139;71,7;132
PAVONIERE;2 volte le seconde nove;72;;;;;73,2;142;70,2;134;;;75;140;71,8;133
PAVONIERE;prime 9 short 2 volte;72;;;74,4;136;71,8;133;70;130;77;144;74,6;137;71,6;131
PAVONIERE;Prime Nove;36;;;37,2;136;36,4;135;34,9;126;38,5;144;37,4;138;35,8;131
PAVONIERE;prime nove sh;36;;;37,2;136;35,9;133;35;130;38,5;144;37,3;137;35,8;131
PAVONIERE;seconde 9 short 2 volte;72;;;75;144;72,6;142;70,1;136;77,2;146;75;140;71,4;132
PAVONIERE;Seconde Nove;36;;;37,5;144;36,6;142;35,1;134;38,6;146;37,5;140;35,9;133
PAVONIERE;seconde nove sh;36;;;37,5;144;36,3;142;35;136;38,6;146;37,5;140;35,9;133
PERUGIA;Percorso Par 72;72;;;;;71;125;67,2;116;;;72,7;122;69,5;117
PERUGIA;Prime Nove;38;;;;;37,2;133;35,5;129;;;37,9;130;36,2;126
PERUGIA;provv 2018 18 buche;72;;;;;70;122;67,3;116;;;71,8;118;69,3;116
PERUGIA;Seconde Nove;34;;;;;33,8;117;32,5;114;;;34,8;114;33,3;111
PETERSBERG;18 Buche;71;;;;;70,4;127;68,2;122;;;70,8;128;68,5;123
PETERSBERG;Prime Nove;36;;;;;36;130;;;;;36;133;;
PETERSBERG;Seconde Nove;35;;;;;34,4;123;;;;;34,8;123;;
PEVERO;18 Buche;72;;;75,3;141;73,5;140;71,4;135;76,9;146;74,5;140;72,2;135
PEVERO;Prime Nove;36;;;37,9;140;36,9;140;35,8;135;38,6;145;37,3;137;36,2;132
PEVERO;Seconde Nove;36;;;37,4;143;36,6;140;35,6;135;38,3;148;37,2;144;36;139
PICCIOLO;18 Buche;72;;;72,5;136;70,6;133;69,2;130;74;122;72,6;119;71,7;117
PICCIOLO;Prime Nove;36;;;35,4;134;34,2;129;33,5;126;36,1;121;35,4;118;35;116
PICCIOLO;Seconde Nove;36;;;37,1;137;36,4;136;35,6;133;37,9;123;37,2;120;36,8;118
PINEROLO;Prag.1 5bis 9 b;36;;;35,3;139;34;137;32,9;131;36,1;137;35,3;138;33,9;131
PINEROLO;Pragelato1 5bis;72;;;70,6;139;68;137;65,7;131;72,2;137;70,6;138;67,7;131
PINEROLO;Pragelato2;72;;;70,6;140;68,2;138;65,8;132;72,4;139;70,8;140;67,9;133
PINEROLO;Pragelato2 9 b;36;;;35,3;140;34,1;138;32,9;132;36,2;139;35,4;140;34;133
PINETINA;18 Buche;70;;;71,7;128;70,5;126;67,9;120;73,9;125;72,3;122;69,5;116
PINETINA;18 Buche Par 71;71;;;71,9;128;70,6;126;68,1;121;74,2;126;72,6;123;69,8;117
PINETINA;Prime Nove;36;;;36;131;35,4;129;34,2;124;37,4;127;36,6;124;35,3;119
PINETINA;Seconde Nove;34;;;35,7;124;35,1;122;33,7;116;36,5;123;35,7;120;34,2;114
PINETINA;Seconde Nove Par 35;35;;;35,9;125;35,2;123;33,9;117;36,8;124;36;121;34,5;115
POGGIO MEDICI;18 Buche;72;;;74,4;135;72,7;131;;;76,5;134;74,6;131;;
POGGIO MEDICI;2018;73;;;74,7;139;73,4;134;70,8;128;76,7;137;75,6;134;72,6;128
POGGIO MEDICI;Par 73;73;;;74,7;138;73,4;133;71;127;76,2;133;75;133;71,9;127
POGGIO MEDICI;Prime Nove;36;;;37,1;134;36,2;125;;;37,8;132;36,9;130;;
POGGIO MEDICI;Prime Nove Buche Par 37;37;;;;;37,1;130;;;;;37,5;130;;
POGGIO MEDICI;Seconde Nove;36;;;37,2;136;36,6;136;;;38,7;136;37,7;132;;
PONTE LEGNO;18 Buche;70;;;;;68,2;130;65,3;123;;;70,3;140;68,3;136
PONTE LEGNO;Nove Buche;35;;;;;34,1;130;32,7;127;;;35,3;141;34,1;139
PORDENONE;18 buche 2018;72;;;;;71,1;127;67,6;118;;;71,2;123;66,8;114
PORDENONE;18 buche 2019;72;;;;;71,2;127;67,6;118;;;71,6;124;66,8;114
PORDENONE;prime nove 2018;36;;;35,9;1,32;35,6;1,29;33,8;1,21;36,4;1,32;35,8;1,29;33,6;1,2
PORDENONE;prime nove 2019;36;;;;;36,7;129;33,8;121;;;35,9;130;33,6;120
PORDENONE;seconde 9 2018;36;;;35,9;125;35,6;123;33,6;114;36,1;120;35,5;117;33,3;108
PORDENONE;seconde nove 2019;36;;;;;35,7;123;33,6;114;;;35,6;118;33,3;108
PREMENO;18 Buche;68;;;;;66,5;122;63,5;115;;;68;118;;
PREMENO;Prime Nove;34;;;;;33,4;124;;;;;34,1;117;;
PREMENO;Seconde Nove;34;;;;;33,1;120;31,5;113;;;33,9;119;;
PRIMULE;18 buche;62;;;62,6;118;62,4;116;60,6;112;62,6;116;62;114;62;114
PRIMULE;Nove Buche;31;;;31,3;118;31,2;116;30,3;112;31,3;116;31;114;;
PUNTA ALA;18 Buche;72;;;73,8;140;73,3;139;70,4;132;73,9;137;73,7;136;72,6;134
PUNTA ALA;Prime Nove;36;;;37,2;144;36,8;143;35,4;136;37,3;140;37,2;139;36,6;137
PUNTA ALA;Seconde Nove;36;;;36,6;137;36,4;136;35;128;36,6;133;36,5;133;36;131
PUNTALDIA;18 Buche;60;;;;;62,6;105;58,9;96;;;62;97;62;97
PUNTALDIA;9 buche;30;;;;;31,3;105;29,4;96;;;31;97;;
PUSTERTAL;18 Buche;68;;;69,9;132;69,2;127;66,7;121;71,9;132;69,4;126;66,5;120
PUSTERTAL;Prime Nove;34;;;;;34,6;127;33,4;124;;;34,7;126;33,3;123
PUSTERTAL;Seconde Nove;34;;;;;34,6;127;33,4;124;;;34,7;126;33,3;123
RAPALLO;9 buche giro corto;34;;;33,9;118;33,5;116;32,3;110;34,9;122;34,7;120;33,2;114
RAPALLO;B.1 Par3 B.5 Rid. PAR 69;69;;;;;68,8;120;;;;;70,6;124;;
RAPALLO;B.5 Rid. Par 69;69;;;68,9;120;68;118;65,1;111;70,7;125;69,9;122;;
RAPALLO;B.5 Rid. Par 70;70;;;70,6;123;69,4;121;66,4;114;72,5;127;71,3;125;68,7;119
RAPALLO;Misto 9 buche;35;;;;;34,2;119;33,3;114;;;34,7;121;;
RAPALLO;Prime Nove B.5 Rid. Par 70;36;;;;;34,9;128;33,6;122;;;35,8;132;34,3;126
REGGIO EMILIA;Percorso gare 18 buche;58;;;;;57,4;86;57,4;86;;;57,6;81;57,6;81
REGGIO EMILIA;Percorso Gare 9 buche;29;;;;;28,7;86;;;;;28,8;81;;
RENDENA;18 Buche;70;;;;;68,6;133;66,1;127;;;70,9;127;68,3;122
RENDENA;Prime Nove;35;;;;;34,3;133;33;130;;;35,5;127;34,3;124
RENDENA;Seconde Nove;35;;;;;34,3;133;;;;;35,5;127;;
RIETI;18 Buche;70;;;;;68,6;124;68,6;118;;;70,6;125;68,4;120
RIETI;Nove Buche;35;;;;;34,3;124;;;;;35,3;125;;
RIMINI VERUCCHIO;18 Buche;72;;;72;131;70;127;66,9;120;73,9;130;72,1;127;;
RIMINI VERUCCHIO;Nove Buche 1-2-3-10-14...18;37;;;36,5;136;35,5;132;32,4;118;37,4;130;36,7;127;;
RIMINI VERUCCHIO;Nove Buche Executive;29;;;;;28,7;100;;;;;27,9;97;;
RIMINI VERUCCHIO;Prime Nove;37;;;37,1;127;36;124;34,2;116;38,3;133;37,2;129;;
RIMINI VERUCCHIO;Seconde Nove;35;;;34,9;135;34;130;32,7;124;35,6;126;34,9;124;;
RIVIERA GOLF;18 Buche;70;;;72,4;128;70,1;122;66,9;115;73,9;132;70,3;126;67,5;120
RIVIERA GOLF;invernale 18 buche;72;;;74,8;135;72;129;69,2;123;77,2;138;74,2;132;71,2;126
RIVIERA GOLF;invernale 9 buche;36;;;37,4;135;36;129;34,6;123;38,6;138;37,1;132;35,6;126
RIVIERA GOLF;Prime Nove;36;;;36,7;130;35,6;125;33,8;117;37,2;131;36;126;34;122
RIVIERA GOLF;Seconde Nove;34;;;35,7;126;34,5;118;33,1;113;36,7;132;35,3;126;33,5;118
ROBINIE;18 Buche;72;;;73,7;130;71,7;125;69,9;121;76,2;129;73,7;123;70,5;116
ROBINIE;Invernale (1-4-11 green provv);72;;;;;71,1;125;;;;;72,9;124;;
ROBINIE;Invernale Prime Nove;36;;;;;35;128;;;;;35,8;120;;
ROBINIE;Invernale Seconde Nove;36;;;;;36,1;122;;;;;37,1;128;;
ROBINIE;Prime Nove;36;;;36,5;131;35,6;126;34,7;122;37,7;126;36,4;121;35;115
ROBINIE;Seconde Nove;36;;;37,2;129;36,2;124;35,2;119;38,5;133;37,2;127;35,4;117
ROMA ACQUASANTA;18 Buche;71;;;71,8;135;70,7;131;67,9;124;73,7;133;72,3;132;69,9;127
ROMA ACQUASANTA;Prime Nove;35;;;35,5;134;34,8;127;33,4;124;36,4;134;35,7;130;34,4;127
ROMA ACQUASANTA;Seconde Nove;36;;;36,3;137;35,9;135;34,5;132;37,3;132;36,7;133;;
ROSSERA;18 Buche;70;;;;;68,6;123;65,5;116;;;70,9;122;;
ROSSERA;Prime Nove;35;;;;;34,3;123;32,8;116;;;35,5;122;;
ROSSERA;Seconde Nove;35;;;;;34,3;123;;;;;35,5;122;;
ROVEDINE;18 Buche;72;;;72,8;126;72,2;124;68,5;116;74,2;124;73,6;123;;
ROVEDINE;Nuove Buche;36;;;;;36,5;122;34,6;113;;;37,6;123;;
ROVEDINE;Prime Nove;36;;;;;36,7;127;34,8;118;;;37,3;125;;
ROVEDINE;Seconde Nove;36;;;;;35,6;120;33,9;112;;;36,3;121;;
ROVEDINE;Vecchie Buche;36;;;;;35,6;124;33,9;116;;;35,8;126;;
ROVIGOLF;18 Buche;56;;;;;57,6;94;57,6;94;;;59,6;97;59,6;97
ROVIGOLF;Nove Buche;28;;;;;28,8;94;28,8;94;;;29,8;97;;
ROYAL PARK ROVERI;Hurdzan Fry;72;;;74,6;140;72,3;136;69,3;129;77;137;74,5;134;71,1;127
ROYAL PARK ROVERI;Hurdzan Fry 10-18;36;;;37,8;137;36,6;132;35,1;125;38,6;135;37,5;134;35,8;127
ROYAL PARK ROVERI;Hurdzan Fry 1-9;36;;;36,8;143;35,7;139;34,2;132;38,4;138;37;134;35,3;127
ROYAL PARK ROVERI;Trent Jones;72;;;74,7;143;73,3;138;70,3;131;76,6;136;75;133;71,9;127
ROYAL PARK ROVERI;Trent Jones Prime Nove;36;;;37,1;151;36,3;147;34,8;144;38,1;144;37,2;140;35,6;137
ROYAL PARK ROVERI;Trent Jones Seconde Nove;36;;;37,6;133;36,9;130;35,4;126;38,5;129;37,8;126;36,4;123
SALERNO;18 BUCHE;68;;;64,8;112;63,4;109;61,9;105;67,6;118;66,4;115;;
SALERNO;18 BUCHE DOPPIE PARTENZE;68;;;;;64,1;111;61,9;105;;;67;117;;
SALERNO;9 BUCHE;34;;;32,4;112;31,7;109;31;105;33,8;118;33,2;115;;
SALICE TERME;18 Buche;70;;;;;68,2;121;64,9;113;;;69,8;124;65,8;116
SALICE TERME;Prime Nove;35;;;;;34,2;121;32,6;117;;;35,1;125;33,1;121
SALICE TERME;Seconde Nove;35;;;;;34;120;;;;;34,7;123;;
SALICI;18 buche;60;;;;;58,4;102;57,4;100;;;58,4;101;;
SALICI;9 buche;30;;;;;29,2;102;28,7;100;;;29,2;101;;
SALSOMAGGIORE TERME;18 Buche;72;;;;;70,9;132;67,7;125;;;72,7;124;;
SALSOMAGGIORE TERME;Prime Nove;36;;;;;35,3;134;33,6;126;;;36,3;127;;
SALSOMAGGIORE TERME;Seconde Nove;36;;;;;35,6;130;34,1;123;;;36,5;121;;
SALUZZO;18 Buche;72;;;72,8;132;72,2;132;68,5;123;74,6;128;73,6;126;69,7;118
SALUZZO;2020 doppie partenze;72;;;;;72,5;132;68,5;123;;;74,1;127;69,7;118
SALUZZO;Nove Buche;36;;;36,4;132;36,1;132;34,3;123;37,3;128;36,8;126;34,9;118
SAN DOMENICO - EGNAZIA;18 Buche;72;;;73,7;133;71,3;128;67,1;118;73,3;130;71,1;128;67,1;120
SAN DOMENICO - EGNAZIA;Prime Nove;37;;;;;36,6;131;34,8;125;;;36,6;130;;
SAN DOMENICO - EGNAZIA;Seconde Nove;35;;;;;34,8;125;33;119;;;34,6;125;;
SAN DONATO;18 buche 2015;68;;;;;67;127;64,8;119;;;68,2;129;65,7;124
SAN DONATO;Prime Nove;35;;;;;33,5;116;;;;;34,5;127;;
SAN DONATO;Seconde Nove;33;;;;;33,5;123;;;;;34,5;131;;
SAN GIOVANNI BOSCHI;18 Buche;72;;;70,3;136;69;133;65,4;125;71,6;128;68,7;122;66,4;117
SAN GIOVANNI BOSCHI;Prime Nove;36;;;35,1;136;34,5;133;32,7;129;35,8;128;34,4;122;33,2;120
SAN MICHELE;18 Buche;70;;;;;68,8;126;65,5;118;;;69,4;121;;
SAN MICHELE;Nove Buche;35;;;;;34,4;126;32,8;118;;;34,7;121;;
SAN MINIATO;18 Buche;62;;;;;62;100;61,1;98;;;62,7;98;62,7;98
SAN MINIATO;Prime Nove;31;;;;;31;100;31;100;;;31,4;98;;
SAN MINIATO;Seconde Nove;31;;;;;31;100;31;100;;;31,4;98;;
SAN VALENTINO;1° Nove P.72;36;;;;;38,3;135;36,5;127;;;38,1;137;;
SAN VALENTINO;18 Buche;69;;;70,3;126;69,6;126;66,4;119;70;119;69,1;117;;
SAN VALENTINO;2° Nove P.72;36;;;;;36,4;136;;;;;35,8;123;;
SAN VALENTINO;Par 72;72;;;75,4;137;74,7;136;71,1;128;74,8;131;73,9;130;71,1;124
SAN VALENTINO;Prime Nove;33;;;;;33,2;115;31,9;109;;;33,3;111;;
SAN VALENTINO;Seconde Nove;36;;;;;36,4;136;34,6;128;;;35,8;123;;
SAN VIGILIO;Benaco;36;;;36,8;123;36,2;121;34,6;117;36,8;120;36,2;117;34,6;114
SAN VIGILIO;Benaco-San Mar.;71;;;72,1;125;71,1;123;67,9;116;72,7;122;70,8;118;67,7;111
SAN VIGILIO;Benaco-Solfer.;72;;;73,2;126;71,7;124;68,2;116;72,6;121;71,6;119;68,4;112
SAN VIGILIO;San Martino;35;;;35,3;126;34,9;125;33,4;121;35,9;124;34,6;119;33,1;116
SAN VIGILIO;Solfer.-San Mar;71;;;71,7;127;70,4;126;67;118;71,7;123;70;120;67;114
SAN VIGILIO;Solferino;36;;;36,4;128;35,5;126;33,6;122;35,8;121;35,4;120;33,9;117
SAN VITO;9 buche;30;;;;;28,9;98;;;;;29,4;98;;
SAN VITO;18 BUCHE 2017;64;;;;;62;114;59,9;109;;;63,4;120;60,8;115
SAN VITO;9 BUCHE 2017;32;;;;;31;114;29,9;112;;;31,7;120;30,4;117
SANREMO ULIVI;18 Buche;69;;;68,7;119;68,7;119;66,2;113;71;120;71;120;68,2;114
SANREMO ULIVI;9 buche 1-4 14-18;35;;;34,6;113;;;;;35,7;125;;;;
SANREMO ULIVI;Prime Nove;34;;;33;120;33;120;31,9;115;34;120;34;120;32,6;115
SANREMO ULIVI;Seconde Nove;35;;;34,9;112;34,9;112;33,6;106;36;116;36;116;34,6;112
SANTA MARIA MAGGIORE;18 Buche;60;;;;;60,6;105;59,6;103;;;61,2;110;;
SANTA MARIA MAGGIORE;18 Buche (8 par 3);58;;;;;60,2;101;59,1;98;;;60,4;106;60,4;106
SANTA MARIA MAGGIORE;9 Buche (8 par 3);29;;;;;30,1;101;29,6;98;;;30,2;106;;
SANTA MARIA MAGGIORE;9 Buche (8 par 4);30;;;;;30,3;105;29,8;103;;;30,6;110;;
SANTO STEFANO;18 Buche;64;;;;;63,6;107;61,5;102;;;65,5;104;65,5;104
SANTO STEFANO;Nove Buche;32;;;;;31,8;107;30,5;101;;;32,8;104;;
SAPPADA;18 Buche;62;;;;;59;92;;;;;58,9;95;;
SAPPADA;Prime Nove;31;;;;;29,5;92;;;;;29,4;95;;
SAPPADA;Seconde Nove;31;;;;;29,5;92;;;;;29,4;95;;
SATURNIA;18 Buche;72;;;74,5;144;72,2;140;69,3;133;75,4;143;72,2;136;69,4;130
SATURNIA;Prime Nove;37;;;;;36,5;136;;;;;35,7;135;;
SATURNIA;Seconde Nove;35;;;;;35,9;146;;;;;37,2;137;;
SERRA;18 Buche;72;;;;;68,6;135;65,7;128;;;70,1;136;67,2;130
SERRA;Prime Nove;36;;;;;34,3;135;32,7;131;;;35;135;33,5;132
SERRA;Seconde Nove;36;;;;;34,3;135;32,9;129;;;35,1;136;;
SERRAVALLE;18 Buche;72;;;;;72,2;131;69,7;125;;;74,2;129;;
SERRAVALLE;Nove Buche;36;;;;;36,1;131;34,9;125;;;37,1;129;;
SESTRIERES;18 Buche;65;;;;;63,8;112;60,6;105;;;64,8;114;;
SESTRIERES;prime nove;31;;;;;30,7;107;28,9;99;;;30,6;106;;
ST. ANNA;18 Buche;71;;;71,9;133;70,1;130;67,3;124;72,5;128;70,7;124;67,8;118
ST. ANNA;GARA NAZIONALE;71;;;70,4;132;;;;;72;127;;;;
ST. ANNA;Mare;35;;;36,1;127;34,9;124;;;36,2;126;35,2;121;;
ST. ANNA;Mare 2 volte;70;;;72,2;127;69,8;124;;;72,4;126;70,4;121;;
ST. ANNA;Monti;36;;;35,8;138;35,2;135;;;36,3;130;35,5;127;;
ST. ANNA;Monti 2 volte;72;;;71,6;138;70,4;135;;;72,6;130;71;127;;
ST. VIGIL SEIS;18 Buche;69;;;67,4;135;66,9;133;63,6;125;70,6;132;69,5;129;65,9;122
ST. VIGIL SEIS;Prime Nove;35;;;33,8;140;33,4;138;31,8;130;35,3;138;34,7;136;32,9;129
ST. VIGIL SEIS;Seconde Nove;34;;;33,7;128;33,6;128;31,9;120;35,4;126;34,9;122;33,1;115
STUPINIGI;18 buche 2018 par 62;62;;;;;62,2;108;61;105;;;62,4;99;;
STUPINIGI;18 Buche Par 64;64;;;63,2;108;63,2;108;61,7;105;64,2;101;64,2;101;;
STUPINIGI;18 Buche Par 66;66;;;64,6;108;64,6;108;62,9;104;65,8;111;65,8;111;65,8;111
STUPINIGI;9 buche 2018 par 31;31;;;;;31,1;108;30,5;105;;;31,2;99;;
STUPINIGI;9 Buche Par 32;32;;;31,6;108;31,6;108;30,9;105;32,1;101;32,1;101;;
STUPINIGI;9 buche par 33;33;;;32,3;108;32,3;108;31,5;104;32,9;110;32,9;110;;
STUPINIGI;OLD COURSE 18B;66;;;;;65,2;112;62,4;105;;;66,8;117;66,8;117
STUPINIGI;OLD COURSE 9B;33;;;;;32,6;112;31,2;105;;;33,4;117;;
TANKA VILLASIMIUS;18 Buche;70;;;71,5;140;70,8;140;68,9;136;74,6;137;72,3;134;70,2;130
TANKA VILLASIMIUS;Prime Nove;34;;;;;34,8;135;34;130;;;35,2;126;34,3;123
TANKA VILLASIMIUS;Seconde Nove;36;;;;;36;145;34,9;142;;;37,1;140;35,9;137
TARQUINIA;18 Buche;70;;;;;69,6;121;67;115;;;71,6;125;68,7;119
TARQUINIA;9 Buche;35;;;;;34,8;121;33,5;118;;;35,8;125;34,3;122
TARVISIO;18 buche 2013;70;;;68,9;120;68,5;119;65,2;111;70,8;124;69;121;66,5;116
TARVISIO;9 buche primo;35;;;;;34,7;121;33,2;114;;;35,7;122;34,2;116
TARVISIO;9 buche secondo;35;;;;;33,7;118;31,9;109;;;33,3;118;32,2;114
TAURIANA;Percorso 18 buche;70;;;;;68,6;115;;;;;71,2;120;71,2;120
TAURIANA;Percorso 9 buche;35;;;;;34,3;115;;;;;35,6;120;;
TERRE CONSOLI;18 buche 2019 provv;72;76,2;136;74,8;133;72,1;127;69,6;121;77,1;131;74,2;125;70,5;117
TERRE CONSOLI;Executive PAR 31;31;;;;;30,4;101;29,8;98;;;30,4;103;29,1;98
TERRE CONSOLI;Executive PAR 62;62;;;;;60,8;101;59,5;98;;;60,8;103;58,2;98
TESINO;18 Buche;70;;;;;70,2;129;67,6;119;;;71,4;129;68,2;117
TESINO;Prime Nove;35;;;;;35;130;33,8;119;;;35,4;128;34,1;117
TESINO;Seconde Nove;35;;;;;35,3;128;;;;;36;129;;
TIRRENIA;18 Buche;72;;;;;72,5;132;68,9;124;;;75,9;138;72;130
TIRRENIA;Misto;72;;;;;72,9;127;69,1;118;;;75,7;133;;
TIRRENIA;Nove buche;36;;;;;36,3;132;34,5;124;;;38;138;36;130
TORINO;1° Nove Blu;36;;;;;35,9;140;34,8;135;;;37,1;129;35,8;124
TORINO;1° Nove Giallo;36;;;;;36,4;140;35,2;129;;;37,5;133;36,3;131
TORINO;2° Nove Blu;36;;;;;36,4;138;35,2;132;;;37,3;133;36;128
TORINO;2° Nove Giallo;36;;;;;36;134;34,9;129;;;37;127;35,8;122
TORINO;Blu;72;75,1;145;73,7;142;72,3;139;69,8;133;76,6;139;74,4;131;71,8;125
TORINO;Blu1-Giallo1;72;;;73,4;142;72,3;140;69,9;135;76,4;137;74,5;131;72,2;126
TORINO;Blu1-Giallo2;72;;;73,4;134;72,1;132;70,1;128;76,6;137;74,6;131;71,8;125
TORINO;Blu2-Giallo1;72;;;74,1;143;72,8;141;70,2;135;76,2;137;74,7;133;72,3;128
TORINO;Blu2-Giallo2;72;;;74,1;135;72,6;133;70,3;128;76,4;137;74,8;133;71,9;127
TORINO;Giallo;72;;;73,8;136;72,6;133;70,2;127;76,2;135;74,9;132;72,3;127
TORRAZZO - CREMONA;18 Buche;64;;;;;64;103;61,6;97;;;64,6;104;64,6;104
TORRAZZO - CREMONA;Prime Nove;32;;;;;32;103;30,8;97;;;32,3;104;;
TORRAZZO - CREMONA;Seconde Nove;32;;;;;32;103;;;;;32,3;104;;
TORRE RONCHI;18 Buche;72;;;71,2;125;71;121;67,6;113;74;131;72,6;126;69,5;119
TORRE RONCHI;Misto I Bianchi II Gialli;72;;;;;71,1;123;67,3;114;;;73,3;128;69,7;121
TORRE RONCHI;Prime Nove;36;;;35,6;125;35,5;121;33,8;117;37;131;36,3;126;34,7;123
TORRENOVA;18 Buche;70;;;68;132;66,2;132;;;;;68,4;118;;
TORRENOVA;9 Buche;35;;;34;132;33,1;132;;;;;34,2;118;;
TOSCANA;18 Buche;71;;;71,4;131;70,5;129;68;123;74,1;126;71,9;122;69,5;117
TOSCANA;Prime Nove;36;;;36,6;137;36,2;134;34,3;125;38,1;130;37;126;;
TOSCANA;Seconde Nove;35;;;34,8;125;34,4;123;;;36;122;34,8;118;;
TRIESTE;18 Buche;70;;;71,7;128;70,2;126;67,2;119;74,1;124;72,6;122;69,1;115
TRIESTE;Prime Nove;36;;;35,5;128;35,2;127;33,5;119;36,9;122;36;120;;
TRIESTE;Seconde Nove;34;;;36,2;128;35,1;126;33,8;120;37,2;126;36,5;125;;
UDINE;18 buche 2018;72;74,8;140;74,4;139;73;136;70,2;130;75,7;133;73,7;129;70,9;123
UDINE;Prime Nove;36;;;36,8;134;36,3;132;34,8;129;37,4;126;36,4;122;34,9;119
UDINE;Seconde Nove;36;;;37,6;143;36,7;139;35,4;134;38,3;140;37,3;136;36,1;131
VALCURONE;18 Buche;71;;;73,3;138;72,2;136;67,3;125;74,8;130;73,8;128;71,3;123
VALCURONE;Prime Nove;36;;;36,6;141;36,1;138;33,6;127;37,3;132;36,8;130;35,5;125
VALCURONE;Seconde Nove;35;;;36,8;134;36,2;132;33,7;121;37,5;129;37;126;35,8;121
VALDICHIANA;18 Buche;68;;;;;67,6;125;64,2;117;;;69;112;65,2;104
VALDICHIANA;Nove Buche;34;;;;;33,8;125;32,1;117;;;34,5;112;32,6;104
VALPESCARA;18 BUCHE 2017;71;;;;;68,1;118;65,2;111;;;70;122;66,5;115
VALPESCARA;18 buche laghi;71;;;;;68,3;121;65,3;114;;;70,2;123;68,7;120
VALPESCARA;9b laghi;36;;;;;34,9;128;33,3;124;;;35,8;129;33,9;125
VALPESCARA;9b piano;36;;;;;34,8;118;33,3;115;;;36,2;117;34,2;113
VALPESCARA;Prime Nove;36;;;;;34,7;123;33,2;120;;;35,6;126;33,7;122
VALPESCARA;Seconde Nove;35;;;;;33,4;113;32;110;;;34,4;117;32,8;114
VALTELLINA;18 Buche;71;;;71,9;132;70,3;133;66,2;124;73,5;131;71,7;129;;
VALTELLINA;18 Buche OLD;72;;;73,1;133;71,2;136;67,7;128;74,9;133;73;131;;
VALTELLINA;9 Buche OLD;36;;;36,5;133;35,6;136;;;37,5;133;36,5;131;;
VALTELLINA;Prime Nove;35;;;35,7;131;35;132;33,1;123;36,5;130;35,6;128;;
VALTELLINA;Seconde Nove;36;;;36,3;133;35,4;134;;;37;132;36,2;130;;
VARESE;Percorso Challenge;71;;;71,1;128;70,5;127;67,7;121;73,2;131;72,4;128;68,2;119
VARESE;Prime Nove;36;;;35,2;135;35;137;33,6;131;36,5;136;35,9;133;34,2;126
VARESE;Prime Nove Challenge;35;;;35;133;34,6;134;33,3;131;36;135;35,7;128;33,7;124
VARESE;Seconde Nove;36;;;36,6;125;36,3;124;34,8;120;37,7;128;37,5;127;35,3;122
VARESE;Vecchio Monast.;72;;;71,8;130;71,3;130;68,2;123;74,2;132;73,4;130;70;123
VENEZIA;18 Buche;72;;;73,4;139;72,6;138;70,2;132;75,1;133;74,7;133;72,1;128
VENEZIA;18 Buche Provvisorio;72;;;;;73,4;135;;;;;75,2;129;;
VENEZIA;2 Volte 2° Nove;74;;;;;75,2;146;;;;;77,6;139;;
VENEZIA;9 Buche Provvisorio;36;;;;;36,7;135;;;;;37,6;129;;
VENEZIA;Prime Nove;35;;;35,4;130;35;129;33,8;123;36,2;127;36;126;34,6;125
VENEZIA;Seconde Nove;37;;;37,9;148;37,6;146;36,4;140;39;140;38,8;139;37,5;134
VERDURA;East - Prime Nove;36;;;;;35,4;129;32,5;116;;;34,8;119;;
VERDURA;East - Seconde Nove;36;;;;;36,9;127;33,9;113;;;36,4;125;;
VERDURA;EAST Course;72;;;73,9;132;72,3;128;66,5;115;75,9;132;71,2;122;;
VERDURA;misto 2019;70;74,9;132;73,3;128;71,9;125;68,9;118;75,4;130;71,6;122;68,8;116
VERDURA;West - Prime Nove;37;;;;;37,8;135;35,3;123;;;38,3;143;;
VERDURA;West - Seconde Nove;35;;;;;35,2;135;32,6;123;;;34,7;127;;
VERDURA;WEST Course;72;;;74,6;139;73;135;67,9;123;76,9;143;73;135;;
VERONA;18 Buche;72;;;73,7;142;72;139;71;137;75;134;73,5;130;72,5;128
VERONA;Prime Nove;35;;;;;35;137;34,5;135;;;35,7;126;35,2;124
VERONA;Seconde Nove;37;;;;;37;142;36,5;140;;;37,8;133;37,3;131
VICENZA;18 Buche;72;;;72,6;138;71;135;67,6;127;74,2;130;72,6;127;70,9;123
VICENZA;Prime Nove;36;;;36,3;138;35,5;135;33,8;127;37,1;130;36,3;127;35,5;123
VICENZA;Seconde Nove;36;;;36,3;138;35,5;135;33,8;127;37,1;130;36,3;127;35,5;123
VIGEVANO;18 Buche;71;;;71;127;70,7;125;67,5;118;73,2;126;72,7;124;68,9;116
VIGEVANO;Prime Nove;35;;;35;128;34,8;126;33,3;119;36,1;126;35,8;124;33,9;116
VIGEVANO;Seconde Nove;36;;;36;125;35,8;125;34,2;118;37;125;36,9;124;35;116
VIGNE;18 Buche;70;;;70,2;124;69,1;122;66,4;116;71,6;136;70,5;129;68;124
VIGNE;Prime 9;35;;;34,9;120;34,4;118;33,1;112;35,9;125;35,4;123;34,1;118
VIGNE;Seconde 9;35;;;35,2;127;34,7;125;33,3;118;35,7;137;35,1;134;33,8;129
VILLA CAROLINA;Il Principe;72;;;72,1;129;71,1;127;67,6;119;74,5;127;72,6;124;;
VILLA CAROLINA;La Marchesa;72;;;74;130;72,8;130;69,5;122;75,7;124;73,9;124;70,9;118
VILLA CAROLINA;Paradiso;72;;;72,4;129;70,5;126;68;120;74,3;131;72;126;69,5;121
VILLA CAROLINA;Paradiso 9 buche;36;;;;;34,8;126;35,6;123;;;35,6;123;;
VILLA CONDULMER;18 Buche (Giallo/Blu);71;;;71;122;70;120;67,7;115;72,4;123;71,5;121;68,8;115
VILLA CONDULMER;9 buche Executive (Verde);29;;;;;29,9;111;28,9;107;;;29,7;101;;
VILLA CONDULMER;Blu/Verde;65;;;;;66,5;118;64,4;113;;;66,9;116;;
VILLA CONDULMER;executive 18;58;;;;;59,8;111;57,8;107;;;59,4;101;59,4;101
VILLA CONDULMER;Giallo/Verde;64;;;;;63,3;113;61,2;109;;;64,2;105;;
VILLA CONDULMER;Prime 9 (Giallo) 2 volte;70;;;67,8;117;66,8;115;64,5;110;69,8;112;68,9;110;66,2;104
VILLA CONDULMER;Prime Nove (Giallo);35;;;33,9;117;33,4;115;32,3;110;34,9;112;34,5;110;33,1;104
VILLA CONDULMER;Seconde Nove (Blu);36;;;37,1;126;36,6;124;35,5;119;37,6;132;37,1;130;35,8;124
VILLA D' ESTE;18 Buche;69;;;71;130;70;129;67,3;123;72,2;124;71,3;123;68;116
VILLA D' ESTE;18 buche 2019 provv;69;;;;;69;126;66,3;120;;;70,3;121;67;114
VILLA D' ESTE;18 Buche Campionato;69;;;71,5;131;70;129;67,3;123;72,2;124;71,3;123;68;116
VILLA D' ESTE;Prime Nove;34;;;;;34,5;122;33,1;116;;;35,3;125;33,6;117
VILLA D' ESTE;Seconde Nove;35;;;;;35,5;135;34,2;129;;;36,1;123;34,5;115
VILLA GIUSTI;18 Buche;65;;;;;63,3;105;61,6;102;;;65;112;65;112
VILLA GIUSTI;Prime Nove;31;;;;;29,7;101;29,2;99;;;30,2;103;;
VILLA GIUSTI;Seconde Nove;34;;;;;33,6;109;32,4;104;;;34,8;120;;
VOLTURNO;18 Buche;71;;;73;137;71,9;133;68,2;124;74,9;130;73,6;128;69,6;120
VOLTURNO;18 buche 2018;68;;;;;68,2;128;64,6;120;;;70,4;124;67;117
VOLTURNO;2 volte le Prime;70;;;;;71,6;140;67,7;131;;;73,6;132;69,8;124
VOLTURNO;2 Volte Seconde;72;;;;;72,2;125;68,6;117;;;73,6;123;69,5;114
VOLTURNO;9 buche 2018;34;;;;;34,1;128;32,3;120;;;35,2;124;33,5;117
VOLTURNO;9 buche misto 2017;36;;;36,3;138;35,8;135;33,8;130;37,8;130;37;126;35,2;122
VOLTURNO;La Piana;71;;;71,3;125;69,3;120;;;72,6;124;70,5;120;;
VOLTURNO;La Piana 1°nove;35;;;;;33,8;117;;;;;34,3;121;;
VOLTURNO;La Piana 2°nove;36;;;;;35,5;122;;;;;36,1;119;;
VOLTURNO;misto 2017;72;;;72,7;138;71,6;135;67,7;126;75,7;130;74;126;70,1;118
VOLTURNO;Prime Nove;35;;;;;35,8;140;;;;;36,8;132;;
VOLTURNO;Seconde Nove;36;;;;;36,1;125;;;;;36,8;123;;
ZERMAN;18 Buche;70;;;;;70,8;124;67,4;116;;;72,8;123;70,3;118
ZERMAN;Prime Nove;35;;;;;35,5;121;33,9;117;;;36,5;122;35,2;119
ZERMAN;Seconde Nove;35;;;;;35,3;127;33,6;119;;;36,3;124;;
ZOATE;18 Buche;72;;;71,5;146;70,5;144;68,3;139;73,3;139;72,2;137;69,8;132
ZOATE;Prime Nove;36;;;;;36,3;146;35,2;141;;;37,3;141;36,2;136
ZOATE;Seconde Nove;36;;;;;35,2;145;34,1;141;;;36;137;34,9;132